5,InteractionRoot.C2WInteractionRoot.LMP,value,0.0233
10,InteractionRoot.C2WInteractionRoot.LMP,value,0.0228
15,InteractionRoot.C2WInteractionRoot.LMP,value,0.024
20,InteractionRoot.C2WInteractionRoot.LMP,value,0.024
25,InteractionRoot.C2WInteractionRoot.LMP,value,0.0242
30,InteractionRoot.C2WInteractionRoot.LMP,value,0.024
35,InteractionRoot.C2WInteractionRoot.LMP,value,0.0242
40,InteractionRoot.C2WInteractionRoot.LMP,value,0.0241
45,InteractionRoot.C2WInteractionRoot.LMP,value,0.0238
50,InteractionRoot.C2WInteractionRoot.LMP,value,0.0231
55,InteractionRoot.C2WInteractionRoot.LMP,value,0.0225
60,InteractionRoot.C2WInteractionRoot.LMP,value,0.0231
65,InteractionRoot.C2WInteractionRoot.LMP,value,0.0231
70,InteractionRoot.C2WInteractionRoot.LMP,value,0.0229
75,InteractionRoot.C2WInteractionRoot.LMP,value,0.0227
80,InteractionRoot.C2WInteractionRoot.LMP,value,0.023
85,InteractionRoot.C2WInteractionRoot.LMP,value,0.0229
90,InteractionRoot.C2WInteractionRoot.LMP,value,0.0227
95,InteractionRoot.C2WInteractionRoot.LMP,value,0.0227
100,InteractionRoot.C2WInteractionRoot.LMP,value,0.0224
105,InteractionRoot.C2WInteractionRoot.LMP,value,0.0221
110,InteractionRoot.C2WInteractionRoot.LMP,value,0.0224
115,InteractionRoot.C2WInteractionRoot.LMP,value,0.0224
120,InteractionRoot.C2WInteractionRoot.LMP,value,0.0227
125,InteractionRoot.C2WInteractionRoot.LMP,value,0.0223
130,InteractionRoot.C2WInteractionRoot.LMP,value,0.0224
135,InteractionRoot.C2WInteractionRoot.LMP,value,0.0221
140,InteractionRoot.C2WInteractionRoot.LMP,value,0.0228
145,InteractionRoot.C2WInteractionRoot.LMP,value,0.0226
150,InteractionRoot.C2WInteractionRoot.LMP,value,0.0224
155,InteractionRoot.C2WInteractionRoot.LMP,value,0.0221
160,InteractionRoot.C2WInteractionRoot.LMP,value,0.022
165,InteractionRoot.C2WInteractionRoot.LMP,value,0.0218
170,InteractionRoot.C2WInteractionRoot.LMP,value,0.0216
175,InteractionRoot.C2WInteractionRoot.LMP,value,0.0215
180,InteractionRoot.C2WInteractionRoot.LMP,value,0.022
185,InteractionRoot.C2WInteractionRoot.LMP,value,0.0223
190,InteractionRoot.C2WInteractionRoot.LMP,value,0.0228
195,InteractionRoot.C2WInteractionRoot.LMP,value,0.0223
200,InteractionRoot.C2WInteractionRoot.LMP,value,0.0223
205,InteractionRoot.C2WInteractionRoot.LMP,value,0.0221
210,InteractionRoot.C2WInteractionRoot.LMP,value,0.0223
215,InteractionRoot.C2WInteractionRoot.LMP,value,0.0223
220,InteractionRoot.C2WInteractionRoot.LMP,value,0.0223
225,InteractionRoot.C2WInteractionRoot.LMP,value,0.0221
230,InteractionRoot.C2WInteractionRoot.LMP,value,0.022
235,InteractionRoot.C2WInteractionRoot.LMP,value,0.0219
240,InteractionRoot.C2WInteractionRoot.LMP,value,0.0215
245,InteractionRoot.C2WInteractionRoot.LMP,value,0.0216
250,InteractionRoot.C2WInteractionRoot.LMP,value,0.0215
255,InteractionRoot.C2WInteractionRoot.LMP,value,0.0215
260,InteractionRoot.C2WInteractionRoot.LMP,value,0.0215
265,InteractionRoot.C2WInteractionRoot.LMP,value,0.0216
270,InteractionRoot.C2WInteractionRoot.LMP,value,0.0216
275,InteractionRoot.C2WInteractionRoot.LMP,value,0.0217
280,InteractionRoot.C2WInteractionRoot.LMP,value,0.0217
285,InteractionRoot.C2WInteractionRoot.LMP,value,0.0218
290,InteractionRoot.C2WInteractionRoot.LMP,value,0.0216
295,InteractionRoot.C2WInteractionRoot.LMP,value,0.0215
300,InteractionRoot.C2WInteractionRoot.LMP,value,0.022
305,InteractionRoot.C2WInteractionRoot.LMP,value,0.0224
310,InteractionRoot.C2WInteractionRoot.LMP,value,0.0224
315,InteractionRoot.C2WInteractionRoot.LMP,value,0.0229
320,InteractionRoot.C2WInteractionRoot.LMP,value,0.0229
325,InteractionRoot.C2WInteractionRoot.LMP,value,0.023
330,InteractionRoot.C2WInteractionRoot.LMP,value,0.0237
335,InteractionRoot.C2WInteractionRoot.LMP,value,0.0238
340,InteractionRoot.C2WInteractionRoot.LMP,value,0.0237
345,InteractionRoot.C2WInteractionRoot.LMP,value,0.0236
350,InteractionRoot.C2WInteractionRoot.LMP,value,0.024
355,InteractionRoot.C2WInteractionRoot.LMP,value,0.0224
360,InteractionRoot.C2WInteractionRoot.LMP,value,0.0219
365,InteractionRoot.C2WInteractionRoot.LMP,value,0.0209
370,InteractionRoot.C2WInteractionRoot.LMP,value,0.0204
375,InteractionRoot.C2WInteractionRoot.LMP,value,0.0228
380,InteractionRoot.C2WInteractionRoot.LMP,value,0.0235
385,InteractionRoot.C2WInteractionRoot.LMP,value,0.0235
390,InteractionRoot.C2WInteractionRoot.LMP,value,0.0235
395,InteractionRoot.C2WInteractionRoot.LMP,value,0.0237
400,InteractionRoot.C2WInteractionRoot.LMP,value,0.0237
405,InteractionRoot.C2WInteractionRoot.LMP,value,0.0237
410,InteractionRoot.C2WInteractionRoot.LMP,value,0.0228
415,InteractionRoot.C2WInteractionRoot.LMP,value,0.023
420,InteractionRoot.C2WInteractionRoot.LMP,value,0.0236
425,InteractionRoot.C2WInteractionRoot.LMP,value,0.0236
430,InteractionRoot.C2WInteractionRoot.LMP,value,0.0236
435,InteractionRoot.C2WInteractionRoot.LMP,value,0.0209
440,InteractionRoot.C2WInteractionRoot.LMP,value,0.0214
445,InteractionRoot.C2WInteractionRoot.LMP,value,0.0211
450,InteractionRoot.C2WInteractionRoot.LMP,value,0.0222
455,InteractionRoot.C2WInteractionRoot.LMP,value,0.022
460,InteractionRoot.C2WInteractionRoot.LMP,value,0.0236
465,InteractionRoot.C2WInteractionRoot.LMP,value,0.0235
470,InteractionRoot.C2WInteractionRoot.LMP,value,0.0229
475,InteractionRoot.C2WInteractionRoot.LMP,value,0.0211
480,InteractionRoot.C2WInteractionRoot.LMP,value,0.022
485,InteractionRoot.C2WInteractionRoot.LMP,value,0.0219
490,InteractionRoot.C2WInteractionRoot.LMP,value,0.0211
495,InteractionRoot.C2WInteractionRoot.LMP,value,0.0215
500,InteractionRoot.C2WInteractionRoot.LMP,value,0.0215
505,InteractionRoot.C2WInteractionRoot.LMP,value,0.0215
510,InteractionRoot.C2WInteractionRoot.LMP,value,0.0213
515,InteractionRoot.C2WInteractionRoot.LMP,value,0.0213
520,InteractionRoot.C2WInteractionRoot.LMP,value,0.0211
525,InteractionRoot.C2WInteractionRoot.LMP,value,0.0217
530,InteractionRoot.C2WInteractionRoot.LMP,value,0.0219
535,InteractionRoot.C2WInteractionRoot.LMP,value,0.0209
540,InteractionRoot.C2WInteractionRoot.LMP,value,0.0204
545,InteractionRoot.C2WInteractionRoot.LMP,value,0.0194
550,InteractionRoot.C2WInteractionRoot.LMP,value,0.0193
555,InteractionRoot.C2WInteractionRoot.LMP,value,0.0206
560,InteractionRoot.C2WInteractionRoot.LMP,value,0.0209
565,InteractionRoot.C2WInteractionRoot.LMP,value,0.0214
570,InteractionRoot.C2WInteractionRoot.LMP,value,0.0216
575,InteractionRoot.C2WInteractionRoot.LMP,value,0.0216
580,InteractionRoot.C2WInteractionRoot.LMP,value,0.0215
585,InteractionRoot.C2WInteractionRoot.LMP,value,0.0216
590,InteractionRoot.C2WInteractionRoot.LMP,value,0.022
595,InteractionRoot.C2WInteractionRoot.LMP,value,0.0223
600,InteractionRoot.C2WInteractionRoot.LMP,value,0.023
605,InteractionRoot.C2WInteractionRoot.LMP,value,0.0236
610,InteractionRoot.C2WInteractionRoot.LMP,value,0.023
615,InteractionRoot.C2WInteractionRoot.LMP,value,0.0244
620,InteractionRoot.C2WInteractionRoot.LMP,value,0.027
625,InteractionRoot.C2WInteractionRoot.LMP,value,0.0276
630,InteractionRoot.C2WInteractionRoot.LMP,value,0.0309
635,InteractionRoot.C2WInteractionRoot.LMP,value,0.0414
640,InteractionRoot.C2WInteractionRoot.LMP,value,0.0393
645,InteractionRoot.C2WInteractionRoot.LMP,value,0.0322
650,InteractionRoot.C2WInteractionRoot.LMP,value,0.0281
655,InteractionRoot.C2WInteractionRoot.LMP,value,0.0429
660,InteractionRoot.C2WInteractionRoot.LMP,value,0.0272
665,InteractionRoot.C2WInteractionRoot.LMP,value,0.0278
670,InteractionRoot.C2WInteractionRoot.LMP,value,0.0304
675,InteractionRoot.C2WInteractionRoot.LMP,value,0.0265
680,InteractionRoot.C2WInteractionRoot.LMP,value,0.0259
685,InteractionRoot.C2WInteractionRoot.LMP,value,0.0305
690,InteractionRoot.C2WInteractionRoot.LMP,value,0.0339
695,InteractionRoot.C2WInteractionRoot.LMP,value,0.0305
700,InteractionRoot.C2WInteractionRoot.LMP,value,0.03
705,InteractionRoot.C2WInteractionRoot.LMP,value,0.0283
710,InteractionRoot.C2WInteractionRoot.LMP,value,0.0283
715,InteractionRoot.C2WInteractionRoot.LMP,value,0.0387
720,InteractionRoot.C2WInteractionRoot.LMP,value,0.0367
725,InteractionRoot.C2WInteractionRoot.LMP,value,0.0319
730,InteractionRoot.C2WInteractionRoot.LMP,value,0.0473
735,InteractionRoot.C2WInteractionRoot.LMP,value,0.0387
740,InteractionRoot.C2WInteractionRoot.LMP,value,0.0353
745,InteractionRoot.C2WInteractionRoot.LMP,value,0.0337
750,InteractionRoot.C2WInteractionRoot.LMP,value,0.0381
755,InteractionRoot.C2WInteractionRoot.LMP,value,0.0408
760,InteractionRoot.C2WInteractionRoot.LMP,value,0.0422
765,InteractionRoot.C2WInteractionRoot.LMP,value,0.0317
770,InteractionRoot.C2WInteractionRoot.LMP,value,0.0337
775,InteractionRoot.C2WInteractionRoot.LMP,value,0.0312
780,InteractionRoot.C2WInteractionRoot.LMP,value,0.0236
785,InteractionRoot.C2WInteractionRoot.LMP,value,0.0227
790,InteractionRoot.C2WInteractionRoot.LMP,value,0.0227
795,InteractionRoot.C2WInteractionRoot.LMP,value,0.023
800,InteractionRoot.C2WInteractionRoot.LMP,value,0.0244
805,InteractionRoot.C2WInteractionRoot.LMP,value,0.0266
810,InteractionRoot.C2WInteractionRoot.LMP,value,0.0297
815,InteractionRoot.C2WInteractionRoot.LMP,value,0.03
820,InteractionRoot.C2WInteractionRoot.LMP,value,0.0414
825,InteractionRoot.C2WInteractionRoot.LMP,value,0.0421
830,InteractionRoot.C2WInteractionRoot.LMP,value,0.04
835,InteractionRoot.C2WInteractionRoot.LMP,value,0.0419
840,InteractionRoot.C2WInteractionRoot.LMP,value,0.027
845,InteractionRoot.C2WInteractionRoot.LMP,value,0.0267
850,InteractionRoot.C2WInteractionRoot.LMP,value,0.0278
855,InteractionRoot.C2WInteractionRoot.LMP,value,0.0275
860,InteractionRoot.C2WInteractionRoot.LMP,value,0.0277
865,InteractionRoot.C2WInteractionRoot.LMP,value,0.027
870,InteractionRoot.C2WInteractionRoot.LMP,value,0.0266
875,InteractionRoot.C2WInteractionRoot.LMP,value,0.0275
880,InteractionRoot.C2WInteractionRoot.LMP,value,0.0358
885,InteractionRoot.C2WInteractionRoot.LMP,value,0.038
890,InteractionRoot.C2WInteractionRoot.LMP,value,0.0362
895,InteractionRoot.C2WInteractionRoot.LMP,value,0.0352
900,InteractionRoot.C2WInteractionRoot.LMP,value,0.0323
905,InteractionRoot.C2WInteractionRoot.LMP,value,0.0341
910,InteractionRoot.C2WInteractionRoot.LMP,value,0.0339
915,InteractionRoot.C2WInteractionRoot.LMP,value,0.0378
920,InteractionRoot.C2WInteractionRoot.LMP,value,0.0393
925,InteractionRoot.C2WInteractionRoot.LMP,value,0.0409
930,InteractionRoot.C2WInteractionRoot.LMP,value,0.0344
935,InteractionRoot.C2WInteractionRoot.LMP,value,0.039
940,InteractionRoot.C2WInteractionRoot.LMP,value,0.0403
945,InteractionRoot.C2WInteractionRoot.LMP,value,0.0416
950,InteractionRoot.C2WInteractionRoot.LMP,value,0.0439
955,InteractionRoot.C2WInteractionRoot.LMP,value,0.05
960,InteractionRoot.C2WInteractionRoot.LMP,value,0.0348
965,InteractionRoot.C2WInteractionRoot.LMP,value,0.0351
970,InteractionRoot.C2WInteractionRoot.LMP,value,0.0344
975,InteractionRoot.C2WInteractionRoot.LMP,value,0.0373
980,InteractionRoot.C2WInteractionRoot.LMP,value,0.0423
985,InteractionRoot.C2WInteractionRoot.LMP,value,0.0426
990,InteractionRoot.C2WInteractionRoot.LMP,value,0.0497
995,InteractionRoot.C2WInteractionRoot.LMP,value,0.045
1000,InteractionRoot.C2WInteractionRoot.LMP,value,0.0497
1005,InteractionRoot.C2WInteractionRoot.LMP,value,0.0496
1010,InteractionRoot.C2WInteractionRoot.LMP,value,0.0496
1015,InteractionRoot.C2WInteractionRoot.LMP,value,0.0448
1020,InteractionRoot.C2WInteractionRoot.LMP,value,0.0358
1025,InteractionRoot.C2WInteractionRoot.LMP,value,0.0404
1030,InteractionRoot.C2WInteractionRoot.LMP,value,0.033
1035,InteractionRoot.C2WInteractionRoot.LMP,value,0.0394
1040,InteractionRoot.C2WInteractionRoot.LMP,value,0.0324
1045,InteractionRoot.C2WInteractionRoot.LMP,value,0.0354
1050,InteractionRoot.C2WInteractionRoot.LMP,value,0.0273
1055,InteractionRoot.C2WInteractionRoot.LMP,value,0.0276
1060,InteractionRoot.C2WInteractionRoot.LMP,value,0.0321
1065,InteractionRoot.C2WInteractionRoot.LMP,value,0.0326
1070,InteractionRoot.C2WInteractionRoot.LMP,value,0.0344
1075,InteractionRoot.C2WInteractionRoot.LMP,value,0.0446
1080,InteractionRoot.C2WInteractionRoot.LMP,value,0.0369
1085,InteractionRoot.C2WInteractionRoot.LMP,value,0.0387
1090,InteractionRoot.C2WInteractionRoot.LMP,value,0.0376
1095,InteractionRoot.C2WInteractionRoot.LMP,value,0.0362
1100,InteractionRoot.C2WInteractionRoot.LMP,value,0.0388
1105,InteractionRoot.C2WInteractionRoot.LMP,value,0.0424
1110,InteractionRoot.C2WInteractionRoot.LMP,value,0.0424
1115,InteractionRoot.C2WInteractionRoot.LMP,value,0.0457
1120,InteractionRoot.C2WInteractionRoot.LMP,value,0.0473
1125,InteractionRoot.C2WInteractionRoot.LMP,value,0.0499
1130,InteractionRoot.C2WInteractionRoot.LMP,value,0.0485
1135,InteractionRoot.C2WInteractionRoot.LMP,value,0.0425
1140,InteractionRoot.C2WInteractionRoot.LMP,value,0.0366
1145,InteractionRoot.C2WInteractionRoot.LMP,value,0.0366
1150,InteractionRoot.C2WInteractionRoot.LMP,value,0.0366
1155,InteractionRoot.C2WInteractionRoot.LMP,value,0.0399
1160,InteractionRoot.C2WInteractionRoot.LMP,value,0.041
1165,InteractionRoot.C2WInteractionRoot.LMP,value,0.0405
1170,InteractionRoot.C2WInteractionRoot.LMP,value,0.0409
1175,InteractionRoot.C2WInteractionRoot.LMP,value,0.0399
1180,InteractionRoot.C2WInteractionRoot.LMP,value,0.0279
1185,InteractionRoot.C2WInteractionRoot.LMP,value,0.0283
1190,InteractionRoot.C2WInteractionRoot.LMP,value,0.0281
1195,InteractionRoot.C2WInteractionRoot.LMP,value,0.0371
1200,InteractionRoot.C2WInteractionRoot.LMP,value,0.0355
1205,InteractionRoot.C2WInteractionRoot.LMP,value,0.0355
1210,InteractionRoot.C2WInteractionRoot.LMP,value,0.0489
1215,InteractionRoot.C2WInteractionRoot.LMP,value,0.0451
1220,InteractionRoot.C2WInteractionRoot.LMP,value,0.0408
1225,InteractionRoot.C2WInteractionRoot.LMP,value,0.0387
1230,InteractionRoot.C2WInteractionRoot.LMP,value,0.0371
1235,InteractionRoot.C2WInteractionRoot.LMP,value,0.0298
1240,InteractionRoot.C2WInteractionRoot.LMP,value,0.0281
1245,InteractionRoot.C2WInteractionRoot.LMP,value,0.0241
1250,InteractionRoot.C2WInteractionRoot.LMP,value,0.0253
1255,InteractionRoot.C2WInteractionRoot.LMP,value,0.0243
1260,InteractionRoot.C2WInteractionRoot.LMP,value,0.0252
1265,InteractionRoot.C2WInteractionRoot.LMP,value,0.0277
1270,InteractionRoot.C2WInteractionRoot.LMP,value,0.0252
1275,InteractionRoot.C2WInteractionRoot.LMP,value,0.0252
1280,InteractionRoot.C2WInteractionRoot.LMP,value,0.0348
1285,InteractionRoot.C2WInteractionRoot.LMP,value,0.0301
1290,InteractionRoot.C2WInteractionRoot.LMP,value,0.0245
1295,InteractionRoot.C2WInteractionRoot.LMP,value,0.0249
1300,InteractionRoot.C2WInteractionRoot.LMP,value,0.0234
1305,InteractionRoot.C2WInteractionRoot.LMP,value,0.0231
1310,InteractionRoot.C2WInteractionRoot.LMP,value,0.0232
1315,InteractionRoot.C2WInteractionRoot.LMP,value,0.0342
1320,InteractionRoot.C2WInteractionRoot.LMP,value,0.0299
1325,InteractionRoot.C2WInteractionRoot.LMP,value,0.0363
1330,InteractionRoot.C2WInteractionRoot.LMP,value,0.0403
1335,InteractionRoot.C2WInteractionRoot.LMP,value,0.0401
1340,InteractionRoot.C2WInteractionRoot.LMP,value,0.0374
1345,InteractionRoot.C2WInteractionRoot.LMP,value,0.0401
1350,InteractionRoot.C2WInteractionRoot.LMP,value,0.029
1355,InteractionRoot.C2WInteractionRoot.LMP,value,0.029
1360,InteractionRoot.C2WInteractionRoot.LMP,value,0.0269
1365,InteractionRoot.C2WInteractionRoot.LMP,value,0.024
1370,InteractionRoot.C2WInteractionRoot.LMP,value,0.0241
1375,InteractionRoot.C2WInteractionRoot.LMP,value,0.0244
1380,InteractionRoot.C2WInteractionRoot.LMP,value,0.0276
1385,InteractionRoot.C2WInteractionRoot.LMP,value,0.0274
1390,InteractionRoot.C2WInteractionRoot.LMP,value,0.025
1395,InteractionRoot.C2WInteractionRoot.LMP,value,0.0277
1400,InteractionRoot.C2WInteractionRoot.LMP,value,0.0275
1405,InteractionRoot.C2WInteractionRoot.LMP,value,0.0243
1410,InteractionRoot.C2WInteractionRoot.LMP,value,0.0236
1415,InteractionRoot.C2WInteractionRoot.LMP,value,0.0235
1420,InteractionRoot.C2WInteractionRoot.LMP,value,0.0229
1425,InteractionRoot.C2WInteractionRoot.LMP,value,0.0224
1430,InteractionRoot.C2WInteractionRoot.LMP,value,0.0224
1435,InteractionRoot.C2WInteractionRoot.LMP,value,0.0197
1440,InteractionRoot.C2WInteractionRoot.LMP,value,0.0251
1445,InteractionRoot.C2WInteractionRoot.LMP,value,0.0253
1450,InteractionRoot.C2WInteractionRoot.LMP,value,0.0245
1455,InteractionRoot.C2WInteractionRoot.LMP,value,0.0247
1460,InteractionRoot.C2WInteractionRoot.LMP,value,0.0247
1465,InteractionRoot.C2WInteractionRoot.LMP,value,0.0249
1470,InteractionRoot.C2WInteractionRoot.LMP,value,0.0249
1475,InteractionRoot.C2WInteractionRoot.LMP,value,0.0252
1480,InteractionRoot.C2WInteractionRoot.LMP,value,0.0246
1485,InteractionRoot.C2WInteractionRoot.LMP,value,0.0242
1490,InteractionRoot.C2WInteractionRoot.LMP,value,0.024
1495,InteractionRoot.C2WInteractionRoot.LMP,value,0.0214
1500,InteractionRoot.C2WInteractionRoot.LMP,value,0.0271
1505,InteractionRoot.C2WInteractionRoot.LMP,value,0.0299
1510,InteractionRoot.C2WInteractionRoot.LMP,value,0.0299
1515,InteractionRoot.C2WInteractionRoot.LMP,value,0.0277
1520,InteractionRoot.C2WInteractionRoot.LMP,value,0.0298
1525,InteractionRoot.C2WInteractionRoot.LMP,value,0.0298
1530,InteractionRoot.C2WInteractionRoot.LMP,value,0.03
1535,InteractionRoot.C2WInteractionRoot.LMP,value,0.0275
1540,InteractionRoot.C2WInteractionRoot.LMP,value,0.0271
1545,InteractionRoot.C2WInteractionRoot.LMP,value,0.0272
1550,InteractionRoot.C2WInteractionRoot.LMP,value,0.0277
1555,InteractionRoot.C2WInteractionRoot.LMP,value,0.03
1560,InteractionRoot.C2WInteractionRoot.LMP,value,0.0346
1565,InteractionRoot.C2WInteractionRoot.LMP,value,0.0339
1570,InteractionRoot.C2WInteractionRoot.LMP,value,0.0363
1575,InteractionRoot.C2WInteractionRoot.LMP,value,0.0307
1580,InteractionRoot.C2WInteractionRoot.LMP,value,0.0307
1585,InteractionRoot.C2WInteractionRoot.LMP,value,0.0307
1590,InteractionRoot.C2WInteractionRoot.LMP,value,0.0302
1595,InteractionRoot.C2WInteractionRoot.LMP,value,0.03
1600,InteractionRoot.C2WInteractionRoot.LMP,value,0.0285
1605,InteractionRoot.C2WInteractionRoot.LMP,value,0.0283
1610,InteractionRoot.C2WInteractionRoot.LMP,value,0.0284
1615,InteractionRoot.C2WInteractionRoot.LMP,value,0.0278
1620,InteractionRoot.C2WInteractionRoot.LMP,value,0.0334
1625,InteractionRoot.C2WInteractionRoot.LMP,value,0.029
1630,InteractionRoot.C2WInteractionRoot.LMP,value,0.03
1635,InteractionRoot.C2WInteractionRoot.LMP,value,0.0298
1640,InteractionRoot.C2WInteractionRoot.LMP,value,0.0298
1645,InteractionRoot.C2WInteractionRoot.LMP,value,0.0291
1650,InteractionRoot.C2WInteractionRoot.LMP,value,0.029
1655,InteractionRoot.C2WInteractionRoot.LMP,value,0.029
1660,InteractionRoot.C2WInteractionRoot.LMP,value,0.029
1665,InteractionRoot.C2WInteractionRoot.LMP,value,0.0286
1670,InteractionRoot.C2WInteractionRoot.LMP,value,0.0286
1675,InteractionRoot.C2WInteractionRoot.LMP,value,0.0289
1680,InteractionRoot.C2WInteractionRoot.LMP,value,0.029
1685,InteractionRoot.C2WInteractionRoot.LMP,value,0.029
1690,InteractionRoot.C2WInteractionRoot.LMP,value,0.0295
1695,InteractionRoot.C2WInteractionRoot.LMP,value,0.0301
1700,InteractionRoot.C2WInteractionRoot.LMP,value,0.0301
1705,InteractionRoot.C2WInteractionRoot.LMP,value,0.0328
1710,InteractionRoot.C2WInteractionRoot.LMP,value,0.0328
1715,InteractionRoot.C2WInteractionRoot.LMP,value,0.0333
1720,InteractionRoot.C2WInteractionRoot.LMP,value,0.03
1725,InteractionRoot.C2WInteractionRoot.LMP,value,0.0309
1730,InteractionRoot.C2WInteractionRoot.LMP,value,0.0309
1735,InteractionRoot.C2WInteractionRoot.LMP,value,0.0333
1740,InteractionRoot.C2WInteractionRoot.LMP,value,0.0334
1745,InteractionRoot.C2WInteractionRoot.LMP,value,0.0279
1750,InteractionRoot.C2WInteractionRoot.LMP,value,0.0305
1755,InteractionRoot.C2WInteractionRoot.LMP,value,0.0335
1760,InteractionRoot.C2WInteractionRoot.LMP,value,0.0335
1765,InteractionRoot.C2WInteractionRoot.LMP,value,0.0333
1770,InteractionRoot.C2WInteractionRoot.LMP,value,0.034
1775,InteractionRoot.C2WInteractionRoot.LMP,value,0.0339
1780,InteractionRoot.C2WInteractionRoot.LMP,value,0.0332
1785,InteractionRoot.C2WInteractionRoot.LMP,value,0.0332
1790,InteractionRoot.C2WInteractionRoot.LMP,value,0.0275
1795,InteractionRoot.C2WInteractionRoot.LMP,value,0.0235
1800,InteractionRoot.C2WInteractionRoot.LMP,value,0.0233
1805,InteractionRoot.C2WInteractionRoot.LMP,value,0.0222
1810,InteractionRoot.C2WInteractionRoot.LMP,value,0.0219
1815,InteractionRoot.C2WInteractionRoot.LMP,value,0.0229
1820,InteractionRoot.C2WInteractionRoot.LMP,value,0.0229
1825,InteractionRoot.C2WInteractionRoot.LMP,value,0.0244
1830,InteractionRoot.C2WInteractionRoot.LMP,value,0.0232
1835,InteractionRoot.C2WInteractionRoot.LMP,value,0.0229
1840,InteractionRoot.C2WInteractionRoot.LMP,value,0.0229
1845,InteractionRoot.C2WInteractionRoot.LMP,value,0.0229
1850,InteractionRoot.C2WInteractionRoot.LMP,value,0.0229
1855,InteractionRoot.C2WInteractionRoot.LMP,value,0.0228
1860,InteractionRoot.C2WInteractionRoot.LMP,value,0.0229
1865,InteractionRoot.C2WInteractionRoot.LMP,value,0.0229
1870,InteractionRoot.C2WInteractionRoot.LMP,value,0.0226
1875,InteractionRoot.C2WInteractionRoot.LMP,value,0.0212
1880,InteractionRoot.C2WInteractionRoot.LMP,value,0.0217
1885,InteractionRoot.C2WInteractionRoot.LMP,value,0.0224
1890,InteractionRoot.C2WInteractionRoot.LMP,value,0.0226
1895,InteractionRoot.C2WInteractionRoot.LMP,value,0.022
1900,InteractionRoot.C2WInteractionRoot.LMP,value,0.0229
1905,InteractionRoot.C2WInteractionRoot.LMP,value,0.0222
1910,InteractionRoot.C2WInteractionRoot.LMP,value,0.0233
1915,InteractionRoot.C2WInteractionRoot.LMP,value,0.0229
1920,InteractionRoot.C2WInteractionRoot.LMP,value,0.0232
1925,InteractionRoot.C2WInteractionRoot.LMP,value,0.0224
1930,InteractionRoot.C2WInteractionRoot.LMP,value,0.0207
1935,InteractionRoot.C2WInteractionRoot.LMP,value,0.0207
1940,InteractionRoot.C2WInteractionRoot.LMP,value,0.022
1945,InteractionRoot.C2WInteractionRoot.LMP,value,0.0226
1950,InteractionRoot.C2WInteractionRoot.LMP,value,0.0234
1955,InteractionRoot.C2WInteractionRoot.LMP,value,0.0242
1960,InteractionRoot.C2WInteractionRoot.LMP,value,0.0255
1965,InteractionRoot.C2WInteractionRoot.LMP,value,0.0274
1970,InteractionRoot.C2WInteractionRoot.LMP,value,0.0274
1975,InteractionRoot.C2WInteractionRoot.LMP,value,0.0267
1980,InteractionRoot.C2WInteractionRoot.LMP,value,0.0257
1985,InteractionRoot.C2WInteractionRoot.LMP,value,0.0245
1990,InteractionRoot.C2WInteractionRoot.LMP,value,0.0241
1995,InteractionRoot.C2WInteractionRoot.LMP,value,0.0245
2000,InteractionRoot.C2WInteractionRoot.LMP,value,0.0257
2005,InteractionRoot.C2WInteractionRoot.LMP,value,0.0295
2010,InteractionRoot.C2WInteractionRoot.LMP,value,0.0331
2015,InteractionRoot.C2WInteractionRoot.LMP,value,0.0342
2020,InteractionRoot.C2WInteractionRoot.LMP,value,0.0393
2025,InteractionRoot.C2WInteractionRoot.LMP,value,0.0417
2030,InteractionRoot.C2WInteractionRoot.LMP,value,0.0449
2035,InteractionRoot.C2WInteractionRoot.LMP,value,0.0417
2040,InteractionRoot.C2WInteractionRoot.LMP,value,0.0442
2045,InteractionRoot.C2WInteractionRoot.LMP,value,0.0406
2050,InteractionRoot.C2WInteractionRoot.LMP,value,0.0414
2055,InteractionRoot.C2WInteractionRoot.LMP,value,0.0361
2060,InteractionRoot.C2WInteractionRoot.LMP,value,0.0372
2065,InteractionRoot.C2WInteractionRoot.LMP,value,0.0424
2070,InteractionRoot.C2WInteractionRoot.LMP,value,0.0405
2075,InteractionRoot.C2WInteractionRoot.LMP,value,0.0421
2080,InteractionRoot.C2WInteractionRoot.LMP,value,0.0464
2085,InteractionRoot.C2WInteractionRoot.LMP,value,0.0561
2090,InteractionRoot.C2WInteractionRoot.LMP,value,0.0561
2095,InteractionRoot.C2WInteractionRoot.LMP,value,0.3178
2100,InteractionRoot.C2WInteractionRoot.LMP,value,0.0429
2105,InteractionRoot.C2WInteractionRoot.LMP,value,0.031
2110,InteractionRoot.C2WInteractionRoot.LMP,value,0.033
2115,InteractionRoot.C2WInteractionRoot.LMP,value,0.0318
2120,InteractionRoot.C2WInteractionRoot.LMP,value,0.0355
2125,InteractionRoot.C2WInteractionRoot.LMP,value,0.0443
2130,InteractionRoot.C2WInteractionRoot.LMP,value,0.0856
2135,InteractionRoot.C2WInteractionRoot.LMP,value,0.0629
2140,InteractionRoot.C2WInteractionRoot.LMP,value,0.0666
2145,InteractionRoot.C2WInteractionRoot.LMP,value,0.0859
2150,InteractionRoot.C2WInteractionRoot.LMP,value,0.0515
2155,InteractionRoot.C2WInteractionRoot.LMP,value,0.0515
2160,InteractionRoot.C2WInteractionRoot.LMP,value,0.0361
2165,InteractionRoot.C2WInteractionRoot.LMP,value,0.0374
2170,InteractionRoot.C2WInteractionRoot.LMP,value,0.0677
2175,InteractionRoot.C2WInteractionRoot.LMP,value,0.0356
2180,InteractionRoot.C2WInteractionRoot.LMP,value,0.0357
2185,InteractionRoot.C2WInteractionRoot.LMP,value,0.0354
2190,InteractionRoot.C2WInteractionRoot.LMP,value,0.036
2195,InteractionRoot.C2WInteractionRoot.LMP,value,0.0388
2200,InteractionRoot.C2WInteractionRoot.LMP,value,0.0456
2205,InteractionRoot.C2WInteractionRoot.LMP,value,0.0449
2210,InteractionRoot.C2WInteractionRoot.LMP,value,0.046
2215,InteractionRoot.C2WInteractionRoot.LMP,value,0.0461
2220,InteractionRoot.C2WInteractionRoot.LMP,value,0.0418
2225,InteractionRoot.C2WInteractionRoot.LMP,value,0.0422
2230,InteractionRoot.C2WInteractionRoot.LMP,value,0.0428
2235,InteractionRoot.C2WInteractionRoot.LMP,value,0.0426
2240,InteractionRoot.C2WInteractionRoot.LMP,value,0.0442
2245,InteractionRoot.C2WInteractionRoot.LMP,value,0.0443
2250,InteractionRoot.C2WInteractionRoot.LMP,value,0.0408
2255,InteractionRoot.C2WInteractionRoot.LMP,value,0.0414
2260,InteractionRoot.C2WInteractionRoot.LMP,value,0.041
2265,InteractionRoot.C2WInteractionRoot.LMP,value,0.0432
2270,InteractionRoot.C2WInteractionRoot.LMP,value,0.0433
2275,InteractionRoot.C2WInteractionRoot.LMP,value,0.0448
2280,InteractionRoot.C2WInteractionRoot.LMP,value,0.0363
2285,InteractionRoot.C2WInteractionRoot.LMP,value,0.0346
2290,InteractionRoot.C2WInteractionRoot.LMP,value,0.035
2295,InteractionRoot.C2WInteractionRoot.LMP,value,0.0365
2300,InteractionRoot.C2WInteractionRoot.LMP,value,0.0368
2305,InteractionRoot.C2WInteractionRoot.LMP,value,0.0366
2310,InteractionRoot.C2WInteractionRoot.LMP,value,0.0371
2315,InteractionRoot.C2WInteractionRoot.LMP,value,0.0364
2320,InteractionRoot.C2WInteractionRoot.LMP,value,0.0428
2325,InteractionRoot.C2WInteractionRoot.LMP,value,0.0452
2330,InteractionRoot.C2WInteractionRoot.LMP,value,0.0451
2335,InteractionRoot.C2WInteractionRoot.LMP,value,0.0443
2340,InteractionRoot.C2WInteractionRoot.LMP,value,0.3719
2345,InteractionRoot.C2WInteractionRoot.LMP,value,0.3199
2350,InteractionRoot.C2WInteractionRoot.LMP,value,0.4461
2355,InteractionRoot.C2WInteractionRoot.LMP,value,0.0478
2360,InteractionRoot.C2WInteractionRoot.LMP,value,0.046
2365,InteractionRoot.C2WInteractionRoot.LMP,value,0.0419
2370,InteractionRoot.C2WInteractionRoot.LMP,value,0.0455
2375,InteractionRoot.C2WInteractionRoot.LMP,value,0.0444
2380,InteractionRoot.C2WInteractionRoot.LMP,value,0.0442
2385,InteractionRoot.C2WInteractionRoot.LMP,value,0.0502
2390,InteractionRoot.C2WInteractionRoot.LMP,value,0.1713
2395,InteractionRoot.C2WInteractionRoot.LMP,value,0.2529
2400,InteractionRoot.C2WInteractionRoot.LMP,value,0.0485
2405,InteractionRoot.C2WInteractionRoot.LMP,value,0.0421
2410,InteractionRoot.C2WInteractionRoot.LMP,value,0.0415
2415,InteractionRoot.C2WInteractionRoot.LMP,value,0.0495
2420,InteractionRoot.C2WInteractionRoot.LMP,value,0.9767
2425,InteractionRoot.C2WInteractionRoot.LMP,value,0.9767
2430,InteractionRoot.C2WInteractionRoot.LMP,value,0.9767
2435,InteractionRoot.C2WInteractionRoot.LMP,value,0.9767
2440,InteractionRoot.C2WInteractionRoot.LMP,value,0.9767
2445,InteractionRoot.C2WInteractionRoot.LMP,value,0.8338
2450,InteractionRoot.C2WInteractionRoot.LMP,value,0.3994
2455,InteractionRoot.C2WInteractionRoot.LMP,value,0.3628
2460,InteractionRoot.C2WInteractionRoot.LMP,value,0.0567
2465,InteractionRoot.C2WInteractionRoot.LMP,value,0.0559
2470,InteractionRoot.C2WInteractionRoot.LMP,value,0.2416
2475,InteractionRoot.C2WInteractionRoot.LMP,value,0.8507
2480,InteractionRoot.C2WInteractionRoot.LMP,value,0.8899
2485,InteractionRoot.C2WInteractionRoot.LMP,value,0.5682
2490,InteractionRoot.C2WInteractionRoot.LMP,value,0.6057
2495,InteractionRoot.C2WInteractionRoot.LMP,value,0.584
2500,InteractionRoot.C2WInteractionRoot.LMP,value,0.2964
2505,InteractionRoot.C2WInteractionRoot.LMP,value,0.2851
2510,InteractionRoot.C2WInteractionRoot.LMP,value,0.2791
2515,InteractionRoot.C2WInteractionRoot.LMP,value,0.5454
2520,InteractionRoot.C2WInteractionRoot.LMP,value,0.2153
2525,InteractionRoot.C2WInteractionRoot.LMP,value,0.2051
2530,InteractionRoot.C2WInteractionRoot.LMP,value,0.0754
2535,InteractionRoot.C2WInteractionRoot.LMP,value,0.0757
2540,InteractionRoot.C2WInteractionRoot.LMP,value,0.2815
2545,InteractionRoot.C2WInteractionRoot.LMP,value,0.1377
2550,InteractionRoot.C2WInteractionRoot.LMP,value,0.0468
2555,InteractionRoot.C2WInteractionRoot.LMP,value,0.0468
2560,InteractionRoot.C2WInteractionRoot.LMP,value,0.061
2565,InteractionRoot.C2WInteractionRoot.LMP,value,0.1574
2570,InteractionRoot.C2WInteractionRoot.LMP,value,0.9417
2575,InteractionRoot.C2WInteractionRoot.LMP,value,0.9425
2580,InteractionRoot.C2WInteractionRoot.LMP,value,0.9737
2585,InteractionRoot.C2WInteractionRoot.LMP,value,0.2209
2590,InteractionRoot.C2WInteractionRoot.LMP,value,0.9737
2595,InteractionRoot.C2WInteractionRoot.LMP,value,0.1014
2600,InteractionRoot.C2WInteractionRoot.LMP,value,0.1289
2605,InteractionRoot.C2WInteractionRoot.LMP,value,0.1371
2610,InteractionRoot.C2WInteractionRoot.LMP,value,0.0317
2615,InteractionRoot.C2WInteractionRoot.LMP,value,0.2316
2620,InteractionRoot.C2WInteractionRoot.LMP,value,0.23
2625,InteractionRoot.C2WInteractionRoot.LMP,value,0.4975
2630,InteractionRoot.C2WInteractionRoot.LMP,value,0.3709
2635,InteractionRoot.C2WInteractionRoot.LMP,value,0.3653
2640,InteractionRoot.C2WInteractionRoot.LMP,value,0.2824
2645,InteractionRoot.C2WInteractionRoot.LMP,value,0.2254
2650,InteractionRoot.C2WInteractionRoot.LMP,value,0.4972
2655,InteractionRoot.C2WInteractionRoot.LMP,value,0.0691
2660,InteractionRoot.C2WInteractionRoot.LMP,value,0.0576
2665,InteractionRoot.C2WInteractionRoot.LMP,value,0.0566
2670,InteractionRoot.C2WInteractionRoot.LMP,value,0.0547
2675,InteractionRoot.C2WInteractionRoot.LMP,value,0.0528
2680,InteractionRoot.C2WInteractionRoot.LMP,value,0.0486
2685,InteractionRoot.C2WInteractionRoot.LMP,value,0.0455
2690,InteractionRoot.C2WInteractionRoot.LMP,value,0.0465
2695,InteractionRoot.C2WInteractionRoot.LMP,value,0.0465
2700,InteractionRoot.C2WInteractionRoot.LMP,value,0.0421
2705,InteractionRoot.C2WInteractionRoot.LMP,value,0.0456
2710,InteractionRoot.C2WInteractionRoot.LMP,value,0.0481
2715,InteractionRoot.C2WInteractionRoot.LMP,value,0.0486
2720,InteractionRoot.C2WInteractionRoot.LMP,value,0.0439
2725,InteractionRoot.C2WInteractionRoot.LMP,value,0.0486
2730,InteractionRoot.C2WInteractionRoot.LMP,value,0.0484
2735,InteractionRoot.C2WInteractionRoot.LMP,value,0.0466
2740,InteractionRoot.C2WInteractionRoot.LMP,value,0.0388
2745,InteractionRoot.C2WInteractionRoot.LMP,value,0.0418
2750,InteractionRoot.C2WInteractionRoot.LMP,value,0.0408
2755,InteractionRoot.C2WInteractionRoot.LMP,value,0.0476
2760,InteractionRoot.C2WInteractionRoot.LMP,value,0.0476
2765,InteractionRoot.C2WInteractionRoot.LMP,value,0.0308
2770,InteractionRoot.C2WInteractionRoot.LMP,value,0.0323
2775,InteractionRoot.C2WInteractionRoot.LMP,value,0.0414
2780,InteractionRoot.C2WInteractionRoot.LMP,value,0.0402
2785,InteractionRoot.C2WInteractionRoot.LMP,value,0.0403
2790,InteractionRoot.C2WInteractionRoot.LMP,value,0.0369
2795,InteractionRoot.C2WInteractionRoot.LMP,value,0.0338
2800,InteractionRoot.C2WInteractionRoot.LMP,value,0.0347
2805,InteractionRoot.C2WInteractionRoot.LMP,value,0.0309
2810,InteractionRoot.C2WInteractionRoot.LMP,value,0.0347
2815,InteractionRoot.C2WInteractionRoot.LMP,value,0.0343
2820,InteractionRoot.C2WInteractionRoot.LMP,value,0.044
2825,InteractionRoot.C2WInteractionRoot.LMP,value,0.042
2830,InteractionRoot.C2WInteractionRoot.LMP,value,0.0385
2835,InteractionRoot.C2WInteractionRoot.LMP,value,0.0482
2840,InteractionRoot.C2WInteractionRoot.LMP,value,0.043
2845,InteractionRoot.C2WInteractionRoot.LMP,value,0.0641
2850,InteractionRoot.C2WInteractionRoot.LMP,value,0.0361
2855,InteractionRoot.C2WInteractionRoot.LMP,value,0.0361
2860,InteractionRoot.C2WInteractionRoot.LMP,value,0.033
2865,InteractionRoot.C2WInteractionRoot.LMP,value,0.0316
2870,InteractionRoot.C2WInteractionRoot.LMP,value,0.0295
2875,InteractionRoot.C2WInteractionRoot.LMP,value,0.0309