R4_12_47_1_tn_1_hse_1,house,cooling_setpoint,78.0222369867665,mass_temperature,78.0222369867665,air_temperature,78.243086035945
R4_12_47_1_tn_2_hse_1,house,cooling_setpoint,77.8220372466429,mass_temperature,77.8220372466429,air_temperature,77.8791431152559
R4_12_47_1_tn_3_hse_1,house,cooling_setpoint,71.4765761855652,mass_temperature,71.4765761855652,air_temperature,71.8290888478805
R4_12_47_1_tn_6_hse_1,house,cooling_setpoint,74.1868957621212,mass_temperature,74.1868957621212,air_temperature,73.7495287724046
R4_12_47_1_tn_7_hse_1,house,cooling_setpoint,75.9183082274818,mass_temperature,75.9183082274818,air_temperature,75.685692089505
R4_12_47_1_tn_8_hse_1,house,cooling_setpoint,74.6380614659555,mass_temperature,74.6380614659555,air_temperature,74.2167255862126
R4_12_47_1_tn_9_hse_1,house,cooling_setpoint,75.8226192611184,mass_temperature,75.8226192611184,air_temperature,76.1468104453298
R4_12_47_1_tn_12_hse_1,house,cooling_setpoint,76.9790784527473,mass_temperature,76.9790784527473,air_temperature,76.9047566256873
R4_12_47_1_tn_13_hse_1,house,cooling_setpoint,76.0277574744089,mass_temperature,76.0277574744089,air_temperature,76.4686394074223
R4_12_47_1_tn_14_hse_1,house,cooling_setpoint,73.9872549918958,mass_temperature,73.9872549918958,air_temperature,73.8427422040869
R4_12_47_1_tn_15_hse_1,house,cooling_setpoint,71.6725591305937,mass_temperature,71.6725591305937,air_temperature,71.6265867093886
R4_12_47_1_tn_15_hse_2,house,cooling_setpoint,79.7495958600449,mass_temperature,79.7495958600449,air_temperature,80.1258373581747
R4_12_47_1_tn_15_hse_3,house,cooling_setpoint,73.3772094674356,mass_temperature,73.3772094674356,air_temperature,73.3723561115259
R4_12_47_1_tn_17_hse_1,house,cooling_setpoint,75.9679414662898,mass_temperature,75.9679414662898,air_temperature,76.3229517752806
R4_12_47_1_tn_17_hse_2,house,cooling_setpoint,72.4065450854311,mass_temperature,72.4065450854311,air_temperature,71.9992265640543
R4_12_47_1_tn_17_hse_3,house,cooling_setpoint,71.9944219069838,mass_temperature,71.9944219069838,air_temperature,71.731234572705
R4_12_47_1_tn_19_hse_1,house,cooling_setpoint,78.2039279855261,mass_temperature,78.2039279855261,air_temperature,78.3778453542837
R4_12_47_1_tn_20_hse_1,house,cooling_setpoint,71.939430790952,mass_temperature,71.939430790952,air_temperature,71.4970179119117
R4_12_47_1_tn_21_hse_1,house,cooling_setpoint,73.2217696560105,mass_temperature,73.2217696560105,air_temperature,73.6938963509446
R4_12_47_1_tn_22_hse_1,house,cooling_setpoint,79.7820935630299,mass_temperature,79.7820935630299,air_temperature,79.2921354273278
R4_12_47_1_tn_26_hse_1,house,cooling_setpoint,73.1429625553132,mass_temperature,73.1429625553132,air_temperature,73.5006419053785
R4_12_47_1_tn_27_hse_1,house,cooling_setpoint,73.8503061316929,mass_temperature,73.8503061316929,air_temperature,73.9979516794927
R4_12_47_1_tn_29_hse_1,house,cooling_setpoint,72.9034369861545,mass_temperature,72.9034369861545,air_temperature,72.6329905178283
R4_12_47_1_tn_29_hse_2,house,cooling_setpoint,73.5735851743773,mass_temperature,73.5735851743773,air_temperature,73.3264956588379
R4_12_47_1_tn_29_hse_3,house,cooling_setpoint,76.4473744465733,mass_temperature,76.4473744465733,air_temperature,76.2228560439178
R4_12_47_1_tn_30_hse_1,house,cooling_setpoint,73.1819898384087,mass_temperature,73.1819898384087,air_temperature,72.8886354066877
R4_12_47_1_tn_30_hse_2,house,cooling_setpoint,70.8484789378906,mass_temperature,70.8484789378906,air_temperature,71.1014111821522
R4_12_47_1_tn_30_hse_3,house,cooling_setpoint,74.9045853781785,mass_temperature,74.9045853781785,air_temperature,74.6805020696716
R4_12_47_1_tn_30_hse_4,house,cooling_setpoint,74.5581808724734,mass_temperature,74.5581808724734,air_temperature,74.1461704702788
R4_12_47_1_tn_30_hse_5,house,cooling_setpoint,74.3462315564328,mass_temperature,74.3462315564328,air_temperature,74.5256561575442
R4_12_47_1_tn_30_hse_6,house,cooling_setpoint,72.4083453632313,mass_temperature,72.4083453632313,air_temperature,72.5521681514663
R4_12_47_1_tn_31_hse_1,house,cooling_setpoint,78.6840370846712,mass_temperature,78.6840370846712,air_temperature,78.4636132104469
R4_12_47_1_tn_31_hse_2,house,cooling_setpoint,73.3536961307216,mass_temperature,73.3536961307216,air_temperature,73.4505628690904
R4_12_47_1_tn_31_hse_3,house,cooling_setpoint,77.8883089841065,mass_temperature,77.8883089841065,air_temperature,78.2619591242961
R4_12_47_1_tn_31_hse_4,house,cooling_setpoint,79.5593686106348,mass_temperature,79.5593686106348,air_temperature,79.5610413331004
R4_12_47_1_tn_31_hse_5,house,cooling_setpoint,71.3656267178541,mass_temperature,71.3656267178541,air_temperature,71.7612479969861
R4_12_47_1_tn_31_hse_6,house,cooling_setpoint,76.5151534891095,mass_temperature,76.5151534891095,air_temperature,76.9874970171581
R4_12_47_1_tn_32_hse_1,house,cooling_setpoint,79.7414683119741,mass_temperature,79.7414683119741,air_temperature,79.8707698793934
R4_12_47_1_tn_32_hse_2,house,cooling_setpoint,73.376831775218,mass_temperature,73.376831775218,air_temperature,73.0064194049945
R4_12_47_1_tn_32_hse_3,house,cooling_setpoint,72.8180657242551,mass_temperature,72.8180657242551,air_temperature,72.3641359931361
R4_12_47_1_tn_33_hse_1,house,cooling_setpoint,75.5500003631562,mass_temperature,75.5500003631562,air_temperature,75.2901783405546
R4_12_47_1_tn_33_hse_2,house,cooling_setpoint,70.0148841109857,mass_temperature,70.0148841109857,air_temperature,69.6805076520921
R4_12_47_1_tn_33_hse_3,house,cooling_setpoint,72.8866455873614,mass_temperature,72.8866455873614,air_temperature,73.2243009888517
R4_12_47_1_tn_34_hse_1,house,cooling_setpoint,74.2337908946955,mass_temperature,74.2337908946955,air_temperature,74.5098484465145
R4_12_47_1_tn_34_hse_2,house,cooling_setpoint,79.0828255414389,mass_temperature,79.0828255414389,air_temperature,79.5080662823413
R4_12_47_1_tn_35_hse_1,house,cooling_setpoint,72.4970058496182,mass_temperature,72.4970058496182,air_temperature,72.3770077000452
R4_12_47_1_tn_35_hse_2,house,cooling_setpoint,76.0486357542664,mass_temperature,76.0486357542664,air_temperature,75.6859372592728
R4_12_47_1_tn_35_hse_3,house,cooling_setpoint,75.4732747216758,mass_temperature,75.4732747216758,air_temperature,75.1360039138688
R4_12_47_1_tn_36_hse_1,house,cooling_setpoint,73.6813242804459,mass_temperature,73.6813242804459,air_temperature,73.3122929571091
R4_12_47_1_tn_36_hse_2,house,cooling_setpoint,73.115530176879,mass_temperature,73.115530176879,air_temperature,73.4636956500057
R4_12_47_1_tn_36_hse_3,house,cooling_setpoint,76.6802869244403,mass_temperature,76.6802869244403,air_temperature,76.4000904286385
R4_12_47_1_tn_37_hse_1,house,cooling_setpoint,77.106631306156,mass_temperature,77.106631306156,air_temperature,77.5668023565603
R4_12_47_1_tn_38_hse_1,house,cooling_setpoint,79.4541071606619,mass_temperature,79.4541071606619,air_temperature,79.589320637633
R4_12_47_1_tn_39_hse_1,house,cooling_setpoint,71.2740550614014,mass_temperature,71.2740550614014,air_temperature,71.0692200693436
R4_12_47_1_tn_40_hse_1,house,cooling_setpoint,70.229589862892,mass_temperature,70.229589862892,air_temperature,69.7859855594798
R4_12_47_1_tn_40_hse_2,house,cooling_setpoint,74.8954864427724,mass_temperature,74.8954864427724,air_temperature,74.6516418451687
R4_12_47_1_tn_40_hse_3,house,cooling_setpoint,74.4260103287033,mass_temperature,74.4260103287033,air_temperature,74.9072893897396
R4_12_47_1_tn_40_hse_4,house,cooling_setpoint,74.7573805619956,mass_temperature,74.7573805619956,air_temperature,74.9007820834239
R4_12_47_1_tn_40_hse_5,house,cooling_setpoint,71.7375676467153,mass_temperature,71.7375676467153,air_temperature,72.0689332011767
R4_12_47_1_tn_41_hse_1,house,cooling_setpoint,78.9033549088516,mass_temperature,78.9033549088516,air_temperature,78.9173331338614
R4_12_47_1_tn_41_hse_2,house,cooling_setpoint,72.9042146866627,mass_temperature,72.9042146866627,air_temperature,73.2583976048063
R4_12_47_1_tn_41_hse_3,house,cooling_setpoint,75.8652808085362,mass_temperature,75.8652808085362,air_temperature,75.4542867428129
R4_12_47_1_tn_41_hse_4,house,cooling_setpoint,77.8765790049241,mass_temperature,77.8765790049241,air_temperature,77.5721384313831
R4_12_47_1_tn_41_hse_5,house,cooling_setpoint,71.5996219456988,mass_temperature,71.5996219456988,air_temperature,71.7524582514831
R4_12_47_1_tn_42_hse_1,house,cooling_setpoint,77.1602443018679,mass_temperature,77.1602443018679,air_temperature,76.8797491751594
R4_12_47_1_tn_42_hse_2,house,cooling_setpoint,73.0428249093765,mass_temperature,73.0428249093765,air_temperature,72.5514738569272
R4_12_47_1_tn_42_hse_3,house,cooling_setpoint,72.9485446569664,mass_temperature,72.9485446569664,air_temperature,72.8344134934614
R4_12_47_1_tn_43_hse_1,house,cooling_setpoint,74.4918912799984,mass_temperature,74.4918912799984,air_temperature,74.5475473997963
R4_12_47_1_tn_43_hse_2,house,cooling_setpoint,77.8027244041089,mass_temperature,77.8027244041089,air_temperature,77.5504830362255
R4_12_47_1_tn_43_hse_3,house,cooling_setpoint,74.6196240992662,mass_temperature,74.6196240992662,air_temperature,74.6092002576036
R4_12_47_1_tn_44_hse_1,house,cooling_setpoint,79.4251677015768,mass_temperature,79.4251677015768,air_temperature,79.3973723709796
R4_12_47_1_tn_44_hse_2,house,cooling_setpoint,73.4453624925614,mass_temperature,73.4453624925614,air_temperature,73.8034410237321
R4_12_47_1_tn_44_hse_3,house,cooling_setpoint,70.1822719457448,mass_temperature,70.1822719457448,air_temperature,69.9494506553363
R4_12_47_1_tn_44_hse_4,house,cooling_setpoint,70.3843486456943,mass_temperature,70.3843486456943,air_temperature,70.0404914517367
R4_12_47_1_tn_45_hse_1,house,cooling_setpoint,72.1538002023069,mass_temperature,72.1538002023069,air_temperature,72.4326039180588
R4_12_47_1_tn_45_hse_2,house,cooling_setpoint,73.8154959728281,mass_temperature,73.8154959728281,air_temperature,73.491795952843
R4_12_47_1_tn_45_hse_3,house,cooling_setpoint,77.7932959783443,mass_temperature,77.7932959783443,air_temperature,78.0854861289079
R4_12_47_1_tn_46_hse_1,house,cooling_setpoint,70.5315340415122,mass_temperature,70.5315340415122,air_temperature,70.2673988214479
R4_12_47_1_tn_46_hse_2,house,cooling_setpoint,75.1408572905778,mass_temperature,75.1408572905778,air_temperature,74.7315271557116
R4_12_47_1_tn_46_hse_3,house,cooling_setpoint,77.2269256265139,mass_temperature,77.2269256265139,air_temperature,76.9645080653073
R4_12_47_1_tn_48_hse_1,house,cooling_setpoint,77.3231809589113,mass_temperature,77.3231809589113,air_temperature,77.239776167032
R4_12_47_1_tn_49_hse_1,house,cooling_setpoint,74.0839678248089,mass_temperature,74.0839678248089,air_temperature,74.4251417327382
R4_12_47_1_tn_51_hse_1,house,cooling_setpoint,71.7190371201264,mass_temperature,71.7190371201264,air_temperature,71.7477043517319
R4_12_47_1_tn_51_hse_2,house,cooling_setpoint,77.5799010877295,mass_temperature,77.5799010877295,air_temperature,77.6129365866754
R4_12_47_1_tn_52_hse_1,house,cooling_setpoint,76.7569965147818,mass_temperature,76.7569965147818,air_temperature,76.3944577716062
R4_12_47_1_tn_56_hse_1,house,cooling_setpoint,76.9625331445265,mass_temperature,76.9625331445265,air_temperature,77.3490290287764
R4_12_47_1_tn_57_hse_1,house,cooling_setpoint,76.0205987941932,mass_temperature,76.0205987941932,air_temperature,75.6742752160339
R4_12_47_1_tn_58_hse_1,house,cooling_setpoint,79.1718703689372,mass_temperature,79.1718703689372,air_temperature,78.8375934991153
R4_12_47_1_tn_60_hse_1,house,cooling_setpoint,77.7037085011187,mass_temperature,77.7037085011187,air_temperature,77.4512062639046
R4_12_47_1_tn_61_hse_1,house,cooling_setpoint,76.1597759897087,mass_temperature,76.1597759897087,air_temperature,76.0235598454151
R4_12_47_1_tn_62_hse_1,house,cooling_setpoint,74.2951740273615,mass_temperature,74.2951740273615,air_temperature,74.331503017124
R4_12_47_1_tn_62_hse_2,house,cooling_setpoint,74.411941872492,mass_temperature,74.411941872492,air_temperature,74.5585997652834
R4_12_47_1_tn_63_hse_1,house,cooling_setpoint,72.0383320162829,mass_temperature,72.0383320162829,air_temperature,71.9761823200546
R4_12_47_1_tn_64_hse_1,house,cooling_setpoint,74.9666796449758,mass_temperature,74.9666796449758,air_temperature,75.4031784761389
R4_12_47_1_tn_65_hse_1,house,cooling_setpoint,77.6047584990522,mass_temperature,77.6047584990522,air_temperature,77.3423555190693
R4_12_47_1_tn_66_hse_1,house,cooling_setpoint,72.8837460962629,mass_temperature,72.8837460962629,air_temperature,73.0646515359952
R4_12_47_1_tn_67_hse_1,house,cooling_setpoint,75.9497151421942,mass_temperature,75.9497151421942,air_temperature,75.6573220021011
R4_12_47_1_tn_68_hse_1,house,cooling_setpoint,73.5934840315425,mass_temperature,73.5934840315425,air_temperature,73.9566372165722
R4_12_47_1_tn_68_hse_2,house,cooling_setpoint,77.7497038128776,mass_temperature,77.7497038128776,air_temperature,77.9150410916865
R4_12_47_1_tn_69_hse_1,house,cooling_setpoint,71.8464832996987,mass_temperature,71.8464832996987,air_temperature,71.3772228477293
R4_12_47_1_tn_69_hse_2,house,cooling_setpoint,79.6690073585688,mass_temperature,79.6690073585688,air_temperature,79.332638551574
R4_12_47_1_tn_70_hse_1,house,cooling_setpoint,78.7116749569599,mass_temperature,78.7116749569599,air_temperature,78.5041300113751
R4_12_47_1_tn_71_hse_1,house,cooling_setpoint,77.4065077816211,mass_temperature,77.4065077816211,air_temperature,77.3152771562691
R4_12_47_1_tn_72_hse_1,house,cooling_setpoint,70.1635220718238,mass_temperature,70.1635220718238,air_temperature,69.9455165291392
R4_12_47_1_tn_72_hse_2,house,cooling_setpoint,70.0989311758514,mass_temperature,70.0989311758514,air_temperature,70.0143090348182
R4_12_47_1_tn_72_hse_3,house,cooling_setpoint,79.8457022973504,mass_temperature,79.8457022973504,air_temperature,79.9626400486623
R4_12_47_1_tn_73_hse_1,house,cooling_setpoint,77.0127965886921,mass_temperature,77.0127965886921,air_temperature,77.0421301277244
R4_12_47_1_tn_73_hse_2,house,cooling_setpoint,79.2902159662343,mass_temperature,79.2902159662343,air_temperature,79.6683358970674
R4_12_47_1_tn_73_hse_3,house,cooling_setpoint,76.7295337920167,mass_temperature,76.7295337920167,air_temperature,76.5319247206999
R4_12_47_1_tn_73_hse_4,house,cooling_setpoint,75.1650888990197,mass_temperature,75.1650888990197,air_temperature,75.2796551080735
R4_12_47_1_tn_74_hse_1,house,cooling_setpoint,76.4552212682289,mass_temperature,76.4552212682289,air_temperature,76.6364678450971
R4_12_47_1_tn_74_hse_2,house,cooling_setpoint,72.5747569024057,mass_temperature,72.5747569024057,air_temperature,72.5462484627308
R4_12_47_1_tn_74_hse_3,house,cooling_setpoint,75.248670423598,mass_temperature,75.248670423598,air_temperature,74.809624085055
R4_12_47_1_tn_75_hse_1,house,cooling_setpoint,74.1052851521428,mass_temperature,74.1052851521428,air_temperature,74.5088375834221
R4_12_47_1_tn_75_hse_2,house,cooling_setpoint,77.2461585692894,mass_temperature,77.2461585692894,air_temperature,77.7356370703904
R4_12_47_1_tn_75_hse_3,house,cooling_setpoint,71.4416742664836,mass_temperature,71.4416742664836,air_temperature,70.9671102217869
R4_12_47_1_tn_76_hse_1,house,cooling_setpoint,72.085833244905,mass_temperature,72.085833244905,air_temperature,72.5282129233866
R4_12_47_1_tn_76_hse_2,house,cooling_setpoint,79.8106190905593,mass_temperature,79.8106190905593,air_temperature,79.4033267649469
R4_12_47_1_tn_76_hse_3,house,cooling_setpoint,74.9455151866333,mass_temperature,74.9455151866333,air_temperature,75.2598807106711
R4_12_47_1_tn_77_hse_1,house,cooling_setpoint,72.2767220118126,mass_temperature,72.2767220118126,air_temperature,72.4056679422269
R4_12_47_1_tn_78_hse_1,house,cooling_setpoint,79.119773589754,mass_temperature,79.119773589754,air_temperature,78.8092696278363
R4_12_47_1_tn_79_hse_1,house,cooling_setpoint,72.9806975608725,mass_temperature,72.9806975608725,air_temperature,72.6146242525896
R4_12_47_1_tn_82_hse_1,house,cooling_setpoint,73.0543387754993,mass_temperature,73.0543387754993,air_temperature,73.161973031061
R4_12_47_1_tn_83_hse_1,house,cooling_setpoint,74.598169344112,mass_temperature,74.598169344112,air_temperature,74.8488519566746
R4_12_47_1_tn_84_hse_1,house,cooling_setpoint,72.7100963391846,mass_temperature,72.7100963391846,air_temperature,72.7551185549378
R4_12_47_1_tn_85_hse_1,house,cooling_setpoint,72.5508841566617,mass_temperature,72.5508841566617,air_temperature,72.8921691813325
R4_12_47_1_tn_86_hse_1,house,cooling_setpoint,77.0166654749768,mass_temperature,77.0166654749768,air_temperature,76.767448261894
R4_12_47_1_tn_88_hse_1,house,cooling_setpoint,76.2396571195746,mass_temperature,76.2396571195746,air_temperature,76.2635121100557
R4_12_47_1_tn_88_hse_2,house,cooling_setpoint,75.2680917855694,mass_temperature,75.2680917855694,air_temperature,75.317565711362
R4_12_47_1_tn_88_hse_3,house,cooling_setpoint,76.0812391911795,mass_temperature,76.0812391911795,air_temperature,75.766212165194
R4_12_47_1_tn_88_hse_4,house,cooling_setpoint,76.0160032988871,mass_temperature,76.0160032988871,air_temperature,76.211257365446
R4_12_47_1_tn_88_hse_5,house,cooling_setpoint,72.0372884174725,mass_temperature,72.0372884174725,air_temperature,71.855046639968
R4_12_47_1_tn_89_hse_1,house,cooling_setpoint,72.0271714607086,mass_temperature,72.0271714607086,air_temperature,71.8491881205158
R4_12_47_1_tn_89_hse_2,house,cooling_setpoint,72.9570996004051,mass_temperature,72.9570996004051,air_temperature,72.9460579947986
R4_12_47_1_tn_89_hse_3,house,cooling_setpoint,70.0261107214439,mass_temperature,70.0261107214439,air_temperature,69.9247760453489
R4_12_47_1_tn_90_hse_1,house,cooling_setpoint,75.3040289827339,mass_temperature,75.3040289827339,air_temperature,75.0764503172317
R4_12_47_1_tn_90_hse_2,house,cooling_setpoint,79.6893682316216,mass_temperature,79.6893682316216,air_temperature,79.5011644922304
R4_12_47_1_tn_90_hse_3,house,cooling_setpoint,72.5215008110416,mass_temperature,72.5215008110416,air_temperature,72.5569977917943
R4_12_47_1_tn_90_hse_4,house,cooling_setpoint,70.4003721207108,mass_temperature,70.4003721207108,air_temperature,70.3047545482997
R4_12_47_1_tn_91_hse_1,house,cooling_setpoint,79.4250647298287,mass_temperature,79.4250647298287,air_temperature,79.3182595187001
R4_12_47_1_tn_91_hse_2,house,cooling_setpoint,76.728180062376,mass_temperature,76.728180062376,air_temperature,76.6708295671916
R4_12_47_1_tn_91_hse_3,house,cooling_setpoint,73.4414546998073,mass_temperature,73.4414546998073,air_temperature,73.2104092046982
R4_12_47_1_tn_92_hse_1,house,cooling_setpoint,73.0593466238695,mass_temperature,73.0593466238695,air_temperature,72.9948524717051
R4_12_47_1_tn_92_hse_2,house,cooling_setpoint,76.9131751585043,mass_temperature,76.9131751585043,air_temperature,77.0824472664018
R4_12_47_1_tn_92_hse_3,house,cooling_setpoint,72.2820789781422,mass_temperature,72.2820789781422,air_temperature,72.0578557242735
R4_12_47_1_tn_93_hse_1,house,cooling_setpoint,71.406423921732,mass_temperature,71.406423921732,air_temperature,71.5794694185933
R4_12_47_1_tn_94_hse_1,house,cooling_setpoint,71.4935448850846,mass_temperature,71.4935448850846,air_temperature,71.9359934711664
R4_12_47_1_tn_95_hse_1,house,cooling_setpoint,78.9628599337669,mass_temperature,78.9628599337669,air_temperature,78.5737733912879
R4_12_47_1_tn_96_hse_1,house,cooling_setpoint,79.4601840191816,mass_temperature,79.4601840191816,air_temperature,79.0724044811786
R4_12_47_1_tn_96_hse_2,house,cooling_setpoint,71.2053562774927,mass_temperature,71.2053562774927,air_temperature,71.170856858859
R4_12_47_1_tn_97_hse_1,house,cooling_setpoint,74.1113814423956,mass_temperature,74.1113814423956,air_temperature,74.4362828362139
R4_12_47_1_tn_98_hse_1,house,cooling_setpoint,74.6496042395252,mass_temperature,74.6496042395252,air_temperature,74.5191382430073
R4_12_47_1_tn_99_hse_1,house,cooling_setpoint,70.649481812651,mass_temperature,70.649481812651,air_temperature,70.1942233960432
R4_12_47_1_tn_100_hse_1,house,cooling_setpoint,75.4155909269965,mass_temperature,75.4155909269965,air_temperature,75.2656908909473
R4_12_47_1_tn_101_hse_1,house,cooling_setpoint,73.7776611212006,mass_temperature,73.7776611212006,air_temperature,73.7361300795223
R4_12_47_1_tn_101_hse_2,house,cooling_setpoint,77.8117258014758,mass_temperature,77.8117258014758,air_temperature,77.7134021713093
R4_12_47_1_tn_104_hse_1,house,cooling_setpoint,76.3311030392171,mass_temperature,76.3311030392171,air_temperature,76.5584209263465
R4_12_47_1_tn_105_hse_1,house,cooling_setpoint,70.7765412704401,mass_temperature,70.7765412704401,air_temperature,70.4726810390794
R4_12_47_1_tn_110_hse_1,house,cooling_setpoint,70.8324776690079,mass_temperature,70.8324776690079,air_temperature,70.4704260723159
R4_12_47_1_tn_111_hse_1,house,cooling_setpoint,78.1130072016152,mass_temperature,78.1130072016152,air_temperature,77.9660894202668
R4_12_47_1_tn_111_hse_2,house,cooling_setpoint,75.488021555221,mass_temperature,75.488021555221,air_temperature,75.30894445183
R4_12_47_1_tn_113_hse_1,house,cooling_setpoint,78.5416365995163,mass_temperature,78.5416365995163,air_temperature,78.7122220935807
R4_12_47_1_tn_113_hse_2,house,cooling_setpoint,72.639098831715,mass_temperature,72.639098831715,air_temperature,72.678238863802
R4_12_47_1_tn_114_hse_1,house,cooling_setpoint,78.3409951406275,mass_temperature,78.3409951406275,air_temperature,78.3701466032014
R4_12_47_1_tn_116_hse_1,house,cooling_setpoint,79.7321348600003,mass_temperature,79.7321348600003,air_temperature,79.2883097960484
R4_12_47_1_tn_118_hse_1,house,cooling_setpoint,75.3600985593323,mass_temperature,75.3600985593323,air_temperature,75.7067040514209
R4_12_47_1_tn_119_hse_1,house,cooling_setpoint,74.8188019028798,mass_temperature,74.8188019028798,air_temperature,75.0667519478745
R4_12_47_1_tn_121_hse_1,house,cooling_setpoint,70.8975772234569,mass_temperature,70.8975772234569,air_temperature,70.9606145622776
R4_12_47_1_tn_122_hse_1,house,cooling_setpoint,71.949908750715,mass_temperature,71.949908750715,air_temperature,72.0298917165002
R4_12_47_1_tn_123_hse_1,house,cooling_setpoint,73.9799483234577,mass_temperature,73.9799483234577,air_temperature,74.0440278957381
R4_12_47_1_tn_123_hse_2,house,cooling_setpoint,72.5312341038341,mass_temperature,72.5312341038341,air_temperature,72.390896321103
R4_12_47_1_tn_123_hse_3,house,cooling_setpoint,75.9663309434552,mass_temperature,75.9663309434552,air_temperature,75.6319758333947
R4_12_47_1_tn_123_hse_4,house,cooling_setpoint,74.8546147222387,mass_temperature,74.8546147222387,air_temperature,74.4684506376981
R4_12_47_1_tn_124_hse_1,house,cooling_setpoint,71.2626658343461,mass_temperature,71.2626658343461,air_temperature,70.8102985050324
R4_12_47_1_tn_124_hse_2,house,cooling_setpoint,73.8668835942878,mass_temperature,73.8668835942878,air_temperature,73.9402757066722
R4_12_47_1_tn_124_hse_3,house,cooling_setpoint,73.7007129782257,mass_temperature,73.7007129782257,air_temperature,73.6691092278264
R4_12_47_1_tn_125_hse_1,house,cooling_setpoint,76.4357699656619,mass_temperature,76.4357699656619,air_temperature,76.5230608953982
R4_12_47_1_tn_125_hse_2,house,cooling_setpoint,73.2902487325494,mass_temperature,73.2902487325494,air_temperature,72.9363714088526
R4_12_47_1_tn_125_hse_3,house,cooling_setpoint,70.767300316225,mass_temperature,70.767300316225,air_temperature,70.7442280875563
R4_12_47_1_tn_125_hse_4,house,cooling_setpoint,73.2415039330144,mass_temperature,73.2415039330144,air_temperature,73.1443518655535
R4_12_47_1_tn_127_hse_1,house,cooling_setpoint,76.7630921319972,mass_temperature,76.7630921319972,air_temperature,76.7556450048052
R4_12_47_1_tn_129_hse_1,house,cooling_setpoint,72.1457825198539,mass_temperature,72.1457825198539,air_temperature,72.3877121124794
R4_12_47_1_tn_130_hse_1,house,cooling_setpoint,74.5970713982698,mass_temperature,74.5970713982698,air_temperature,74.8972288457613
R4_12_47_1_tn_133_hse_1,house,cooling_setpoint,79.1641672760616,mass_temperature,79.1641672760616,air_temperature,79.3074802677881
R4_12_47_1_tn_137_hse_1,house,cooling_setpoint,71.3274684637573,mass_temperature,71.3274684637573,air_temperature,70.8680115661142
R4_12_47_1_tn_138_hse_1,house,cooling_setpoint,79.6636329868095,mass_temperature,79.6636329868095,air_temperature,79.4307140866893
R4_12_47_1_tn_139_hse_1,house,cooling_setpoint,72.7908057930682,mass_temperature,72.7908057930682,air_temperature,72.3545641094343
R4_12_47_1_tn_145_hse_1,house,cooling_setpoint,75.7471820738214,mass_temperature,75.7471820738214,air_temperature,75.9220969107369
R4_12_47_1_tn_146_hse_1,house,cooling_setpoint,78.5390300019044,mass_temperature,78.5390300019044,air_temperature,79.0356140155951
R4_12_47_1_tn_149_hse_1,house,cooling_setpoint,78.463984252537,mass_temperature,78.463984252537,air_temperature,78.7288090166321
R4_12_47_1_tn_153_hse_1,house,cooling_setpoint,78.4764342794638,mass_temperature,78.4764342794638,air_temperature,78.038744925338
R4_12_47_1_tn_155_hse_1,house,cooling_setpoint,70.7298955095309,mass_temperature,70.7298955095309,air_temperature,71.1757047841787
R4_12_47_1_tn_158_hse_1,house,cooling_setpoint,79.4870363052998,mass_temperature,79.4870363052998,air_temperature,79.2349469447546
R4_12_47_1_tn_159_hse_1,house,cooling_setpoint,77.3505919660164,mass_temperature,77.3505919660164,air_temperature,77.7240443866873
R4_12_47_1_tn_163_hse_1,house,cooling_setpoint,78.216267078393,mass_temperature,78.216267078393,air_temperature,77.7497235275426
R4_12_47_1_tn_164_hse_1,house,cooling_setpoint,70.3881007393119,mass_temperature,70.3881007393119,air_temperature,70.3163451901285
R4_12_47_1_tn_165_hse_1,house,cooling_setpoint,71.211822115119,mass_temperature,71.211822115119,air_temperature,71.6961430092558
R4_12_47_1_tn_166_hse_1,house,cooling_setpoint,71.7058196555846,mass_temperature,71.7058196555846,air_temperature,72.0891284557419
R4_12_47_1_tn_166_hse_2,house,cooling_setpoint,72.6066909881487,mass_temperature,72.6066909881487,air_temperature,72.5926841000695
R4_12_47_1_tn_166_hse_3,house,cooling_setpoint,79.0158586148043,mass_temperature,79.0158586148043,air_temperature,79.4370271350965
R4_12_47_1_tn_167_hse_1,house,cooling_setpoint,72.7805235383544,mass_temperature,72.7805235383544,air_temperature,72.4013760511655
R4_12_47_1_tn_170_hse_1,house,cooling_setpoint,74.5897531171213,mass_temperature,74.5897531171213,air_temperature,74.5556300744799
R4_12_47_1_tn_171_hse_1,house,cooling_setpoint,77.173898628367,mass_temperature,77.173898628367,air_temperature,77.0007845646826
R4_12_47_1_tn_172_hse_1,house,cooling_setpoint,74.7209354624854,mass_temperature,74.7209354624854,air_temperature,75.1274959745818
R4_12_47_1_tn_173_hse_1,house,cooling_setpoint,78.8220976080286,mass_temperature,78.8220976080286,air_temperature,78.5750871416873
R4_12_47_1_tn_174_hse_1,house,cooling_setpoint,71.4720315925185,mass_temperature,71.4720315925185,air_temperature,71.8157975000856
R4_12_47_1_tn_175_hse_1,house,cooling_setpoint,72.9182969470844,mass_temperature,72.9182969470844,air_temperature,73.3056359646574
R4_12_47_1_tn_176_hse_1,house,cooling_setpoint,72.4205918311041,mass_temperature,72.4205918311041,air_temperature,72.4381595116017
R4_12_47_1_tn_179_hse_1,house,cooling_setpoint,71.798849413832,mass_temperature,71.798849413832,air_temperature,72.1179886333529
R4_12_47_1_tn_180_hse_1,house,cooling_setpoint,78.9242275661094,mass_temperature,78.9242275661094,air_temperature,78.5560141659927
R4_12_47_1_tn_181_hse_1,house,cooling_setpoint,75.5402679837257,mass_temperature,75.5402679837257,air_temperature,75.4675038769823
R4_12_47_1_tn_182_hse_1,house,cooling_setpoint,79.1750504901279,mass_temperature,79.1750504901279,air_temperature,78.8530445243513
R4_12_47_1_tn_182_hse_2,house,cooling_setpoint,79.775927588697,mass_temperature,79.775927588697,air_temperature,80.2633012032134
R4_12_47_1_tn_182_hse_3,house,cooling_setpoint,73.3843834983063,mass_temperature,73.3843834983063,air_temperature,73.0110483027159
R4_12_47_1_tn_185_hse_1,house,cooling_setpoint,76.159353840499,mass_temperature,76.159353840499,air_temperature,75.8768011040097
R4_12_47_1_tn_186_hse_1,house,cooling_setpoint,75.9870388556213,mass_temperature,75.9870388556213,air_temperature,76.0459979574831
R4_12_47_1_tn_187_hse_1,house,cooling_setpoint,76.890260919354,mass_temperature,76.890260919354,air_temperature,76.6748991612726
R4_12_47_1_tn_188_hse_1,house,cooling_setpoint,73.390304124343,mass_temperature,73.390304124343,air_temperature,73.3402577024764
R4_12_47_1_tn_188_hse_2,house,cooling_setpoint,79.3065591991933,mass_temperature,79.3065591991933,air_temperature,79.0290242329171
R4_12_47_1_tn_188_hse_3,house,cooling_setpoint,76.3414077886799,mass_temperature,76.3414077886799,air_temperature,76.2547179347082
R4_12_47_1_tn_189_hse_1,house,cooling_setpoint,79.0368996984018,mass_temperature,79.0368996984018,air_temperature,78.5652639676106
R4_12_47_1_tn_190_hse_1,house,cooling_setpoint,70.0776585805734,mass_temperature,70.0776585805734,air_temperature,70.1481123626693
R4_12_47_1_tn_190_hse_2,house,cooling_setpoint,74.8619601690854,mass_temperature,74.8619601690854,air_temperature,74.5824024864318
R4_12_47_1_tn_190_hse_3,house,cooling_setpoint,74.2040920858753,mass_temperature,74.2040920858753,air_temperature,74.0448406873523
R4_12_47_1_tn_191_hse_1,house,cooling_setpoint,78.6671832647424,mass_temperature,78.6671832647424,air_temperature,78.8232893784696
R4_12_47_1_tn_192_hse_1,house,cooling_setpoint,74.4788469238794,mass_temperature,74.4788469238794,air_temperature,74.0728730942044
R4_12_47_1_tn_192_hse_2,house,cooling_setpoint,75.5965004267015,mass_temperature,75.5965004267015,air_temperature,75.9497627161458
R4_12_47_1_tn_193_hse_1,house,cooling_setpoint,71.3450185840455,mass_temperature,71.3450185840455,air_temperature,71.3577659486258
R4_12_47_1_tn_193_hse_2,house,cooling_setpoint,74.4250885942362,mass_temperature,74.4250885942362,air_temperature,74.0546159007314
R4_12_47_1_tn_193_hse_3,house,cooling_setpoint,79.6547236399213,mass_temperature,79.6547236399213,air_temperature,79.9064301962064
R4_12_47_1_tn_194_hse_1,house,cooling_setpoint,79.1014228154809,mass_temperature,79.1014228154809,air_temperature,79.4177348786002
R4_12_47_1_tn_194_hse_2,house,cooling_setpoint,71.835343113958,mass_temperature,71.835343113958,air_temperature,72.0255302035837
R4_12_47_1_tn_194_hse_3,house,cooling_setpoint,79.8814942701046,mass_temperature,79.8814942701046,air_temperature,79.4983549611928
R4_12_47_1_tn_195_hse_1,house,cooling_setpoint,74.4015448705614,mass_temperature,74.4015448705614,air_temperature,74.4285740847425
R4_12_47_1_tn_199_hse_1,house,cooling_setpoint,71.8992668318499,mass_temperature,71.8992668318499,air_temperature,71.5163829406779
R4_12_47_1_tn_199_hse_2,house,cooling_setpoint,75.6438487800009,mass_temperature,75.6438487800009,air_temperature,75.5035474563527
R4_12_47_1_tn_201_hse_1,house,cooling_setpoint,79.1460307972018,mass_temperature,79.1460307972018,air_temperature,79.0922438007709
R4_12_47_1_tn_204_hse_1,house,cooling_setpoint,79.57043325807,mass_temperature,79.57043325807,air_temperature,79.206573799447
R4_12_47_1_tn_206_hse_1,house,cooling_setpoint,71.2378323461987,mass_temperature,71.2378323461987,air_temperature,71.6102469869958
R4_12_47_1_tn_210_hse_1,house,cooling_setpoint,78.1875441376214,mass_temperature,78.1875441376214,air_temperature,78.4097834463314
R4_12_47_1_tn_210_hse_2,house,cooling_setpoint,73.5946053966489,mass_temperature,73.5946053966489,air_temperature,73.9106085337632
R4_12_47_1_tn_210_hse_3,house,cooling_setpoint,74.6540849094605,mass_temperature,74.6540849094605,air_temperature,74.3223689825233
R4_12_47_1_tn_211_hse_1,house,cooling_setpoint,78.8321157600665,mass_temperature,78.8321157600665,air_temperature,78.531633743549
R4_12_47_1_tn_212_hse_1,house,cooling_setpoint,74.9497927708782,mass_temperature,74.9497927708782,air_temperature,75.1430235084529
R4_12_47_1_tn_213_hse_1,house,cooling_setpoint,73.8865586114133,mass_temperature,73.8865586114133,air_temperature,74.0193846554342
R4_12_47_1_tn_216_hse_1,house,cooling_setpoint,76.0054899147665,mass_temperature,76.0054899147665,air_temperature,76.3451267086194
R4_12_47_1_tn_217_hse_1,house,cooling_setpoint,75.324675537123,mass_temperature,75.324675537123,air_temperature,75.5657202529635
R4_12_47_1_tn_218_hse_1,house,cooling_setpoint,79.7551052099398,mass_temperature,79.7551052099398,air_temperature,79.2618121865625
R4_12_47_1_tn_219_hse_1,house,cooling_setpoint,75.586258954907,mass_temperature,75.586258954907,air_temperature,75.2057810392883
R4_12_47_1_tn_220_hse_1,house,cooling_setpoint,70.6569546288318,mass_temperature,70.6569546288318,air_temperature,70.7987184945469
R4_12_47_1_tn_221_hse_1,house,cooling_setpoint,71.7658462467578,mass_temperature,71.7658462467578,air_temperature,71.3802950268657
R4_12_47_1_tn_222_hse_1,house,cooling_setpoint,75.6391128266585,mass_temperature,75.6391128266585,air_temperature,75.7008777045257
R4_12_47_1_tn_225_hse_1,house,cooling_setpoint,79.9107941829897,mass_temperature,79.9107941829897,air_temperature,79.7592375854466
R4_12_47_1_tn_227_hse_1,house,cooling_setpoint,73.2951268451618,mass_temperature,73.2951268451618,air_temperature,73.2589949366929
R4_12_47_1_tn_229_hse_1,house,cooling_setpoint,75.3604474168364,mass_temperature,75.3604474168364,air_temperature,75.6973442930946
R4_12_47_1_tn_229_hse_2,house,cooling_setpoint,73.4630357487679,mass_temperature,73.4630357487679,air_temperature,73.9260748404069
R4_12_47_1_tn_229_hse_3,house,cooling_setpoint,71.1206952383982,mass_temperature,71.1206952383982,air_temperature,71.3720412691981
R4_12_47_1_tn_232_hse_1,house,cooling_setpoint,74.8512545165982,mass_temperature,74.8512545165982,air_temperature,75.1549181699911
R4_12_47_1_tn_232_hse_2,house,cooling_setpoint,74.9836496976315,mass_temperature,74.9836496976315,air_temperature,75.1735107833286
R4_12_47_1_tn_232_hse_3,house,cooling_setpoint,77.5551681217182,mass_temperature,77.5551681217182,air_temperature,77.6399925068456
R4_12_47_1_tn_234_hse_1,house,cooling_setpoint,75.1690304050963,mass_temperature,75.1690304050963,air_temperature,75.3388075622254
R4_12_47_1_tn_235_hse_1,house,cooling_setpoint,78.0666476247629,mass_temperature,78.0666476247629,air_temperature,78.463734662494
R4_12_47_1_tn_237_hse_1,house,cooling_setpoint,78.8207111166924,mass_temperature,78.8207111166924,air_temperature,78.4175613232829
R4_12_47_1_tn_237_hse_2,house,cooling_setpoint,76.7116283168677,mass_temperature,76.7116283168677,air_temperature,76.5535578275264
R4_12_47_1_tn_237_hse_3,house,cooling_setpoint,77.6083334478407,mass_temperature,77.6083334478407,air_temperature,77.5702868535172
R4_12_47_1_tn_240_hse_1,house,cooling_setpoint,77.0372656871586,mass_temperature,77.0372656871586,air_temperature,76.9283083599206
R4_12_47_1_tn_240_hse_2,house,cooling_setpoint,73.6355480770018,mass_temperature,73.6355480770018,air_temperature,73.2417027674572
R4_12_47_1_tn_240_hse_3,house,cooling_setpoint,72.352013743126,mass_temperature,72.352013743126,air_temperature,72.8072290624341
R4_12_47_1_tn_241_hse_1,house,cooling_setpoint,79.6888800146269,mass_temperature,79.6888800146269,air_temperature,79.2626889117283
R4_12_47_1_tn_241_hse_2,house,cooling_setpoint,75.8581896690552,mass_temperature,75.8581896690552,air_temperature,75.3616428882111
R4_12_47_1_tn_241_hse_3,house,cooling_setpoint,73.7220223261346,mass_temperature,73.7220223261346,air_temperature,73.7614491179746
R4_12_47_1_tn_243_hse_1,house,cooling_setpoint,78.2168579852736,mass_temperature,78.2168579852736,air_temperature,78.1883723195717
R4_12_47_1_tn_243_hse_2,house,cooling_setpoint,70.6609955584783,mass_temperature,70.6609955584783,air_temperature,70.4451553657671
R4_12_47_1_tn_243_hse_3,house,cooling_setpoint,72.6473423665049,mass_temperature,72.6473423665049,air_temperature,72.4558694382606
R4_12_47_1_tn_244_hse_1,house,cooling_setpoint,78.17530372275,mass_temperature,78.17530372275,air_temperature,78.2014889247445
R4_12_47_1_tn_246_hse_1,house,cooling_setpoint,77.6353439435679,mass_temperature,77.6353439435679,air_temperature,77.6412868926815
R4_12_47_1_tn_246_hse_2,house,cooling_setpoint,77.2148636201936,mass_temperature,77.2148636201936,air_temperature,77.0985380669291
R4_12_47_1_tn_246_hse_3,house,cooling_setpoint,76.0569565958672,mass_temperature,76.0569565958672,air_temperature,75.7127077041653
R4_12_47_1_tn_247_hse_1,house,cooling_setpoint,71.4332943452403,mass_temperature,71.4332943452403,air_temperature,71.7427833822984
R4_12_47_1_tn_248_hse_1,house,cooling_setpoint,72.8133053328879,mass_temperature,72.8133053328879,air_temperature,73.0343728382998
R4_12_47_1_tn_249_hse_1,house,cooling_setpoint,74.2799586235232,mass_temperature,74.2799586235232,air_temperature,74.3854049656122
R4_12_47_1_tn_251_hse_1,house,cooling_setpoint,74.9322824501723,mass_temperature,74.9322824501723,air_temperature,74.9545263630178
R4_12_47_1_tn_251_hse_2,house,cooling_setpoint,77.1024771884787,mass_temperature,77.1024771884787,air_temperature,77.419487793547
R4_12_47_1_tn_251_hse_3,house,cooling_setpoint,71.3369120281018,mass_temperature,71.3369120281018,air_temperature,70.8503764859233
R4_12_47_1_tn_253_hse_1,house,cooling_setpoint,74.3463717287582,mass_temperature,74.3463717287582,air_temperature,74.1990167518109
R4_12_47_1_tn_253_hse_2,house,cooling_setpoint,73.6400894754493,mass_temperature,73.6400894754493,air_temperature,73.6386758561236
R4_12_47_1_tn_253_hse_3,house,cooling_setpoint,72.0625483363247,mass_temperature,72.0625483363247,air_temperature,72.4964426375957
R4_12_47_1_tn_255_hse_1,house,cooling_setpoint,70.2314838912164,mass_temperature,70.2314838912164,air_temperature,70.510097721583
R4_12_47_1_tn_255_hse_2,house,cooling_setpoint,75.6479697986676,mass_temperature,75.6479697986676,air_temperature,75.1696101922887
R4_12_47_1_tn_255_hse_3,house,cooling_setpoint,76.8013107726335,mass_temperature,76.8013107726335,air_temperature,76.7141425984846
R4_12_47_1_tn_256_hse_1,house,cooling_setpoint,72.0813215337618,mass_temperature,72.0813215337618,air_temperature,72.3890094417957
R4_12_47_1_tn_256_hse_2,house,cooling_setpoint,70.781407090404,mass_temperature,70.781407090404,air_temperature,70.5425020534292
R4_12_47_1_tn_257_hse_1,house,cooling_setpoint,74.8456155428296,mass_temperature,74.8456155428296,air_temperature,75.0392608182938
R4_12_47_1_tn_258_hse_1,house,cooling_setpoint,73.0877005174129,mass_temperature,73.0877005174129,air_temperature,73.0912395035196
R4_12_47_1_tn_259_hse_1,house,cooling_setpoint,78.9095685967662,mass_temperature,78.9095685967662,air_temperature,79.2595594576783
R4_12_47_1_tn_262_hse_1,house,cooling_setpoint,77.712115051076,mass_temperature,77.712115051076,air_temperature,78.0144650628708
R4_12_47_1_tn_263_hse_1,house,cooling_setpoint,70.5132338828426,mass_temperature,70.5132338828426,air_temperature,70.9967428375849
R4_12_47_1_tn_264_hse_1,house,cooling_setpoint,74.393855534174,mass_temperature,74.393855534174,air_temperature,73.9761941399346
R4_12_47_1_tn_265_hse_1,house,cooling_setpoint,72.0852589738125,mass_temperature,72.0852589738125,air_temperature,72.4637303549786
R4_12_47_1_tn_268_hse_1,house,cooling_setpoint,77.7914615682815,mass_temperature,77.7914615682815,air_temperature,77.8438843289594
R4_12_47_1_tn_268_hse_2,house,cooling_setpoint,76.7294129656656,mass_temperature,76.7294129656656,air_temperature,76.8340171981873
R4_12_47_1_tn_268_hse_3,house,cooling_setpoint,78.9869650013844,mass_temperature,78.9869650013844,air_temperature,79.100106323795
R4_12_47_1_tn_269_hse_1,house,cooling_setpoint,75.6816002788724,mass_temperature,75.6816002788724,air_temperature,75.8157358840731
R4_12_47_1_tn_270_hse_1,house,cooling_setpoint,74.9891117683181,mass_temperature,74.9891117683181,air_temperature,75.4044817911326
R4_12_47_1_tn_271_hse_1,house,cooling_setpoint,73.9693411031794,mass_temperature,73.9693411031794,air_temperature,74.3633578057753
R4_12_47_1_tn_271_hse_2,house,cooling_setpoint,71.0432731475653,mass_temperature,71.0432731475653,air_temperature,70.6574410267246
R4_12_47_1_tn_271_hse_3,house,cooling_setpoint,77.5989390945075,mass_temperature,77.5989390945075,air_temperature,77.8627524448468
R4_12_47_1_tn_272_hse_1,house,cooling_setpoint,72.4618784113805,mass_temperature,72.4618784113805,air_temperature,72.3919738471169
R4_12_47_1_tn_273_hse_1,house,cooling_setpoint,78.6862670407511,mass_temperature,78.6862670407511,air_temperature,78.9669167930457
R4_12_47_1_tn_274_hse_1,house,cooling_setpoint,76.3804206686882,mass_temperature,76.3804206686882,air_temperature,76.0443358901258
R4_12_47_1_tn_275_hse_1,house,cooling_setpoint,72.6956684139661,mass_temperature,72.6956684139661,air_temperature,73.1868569013575
R4_12_47_1_tn_282_hse_1,house,cooling_setpoint,77.3066752964327,mass_temperature,77.3066752964327,air_temperature,77.352741353088
R4_12_47_1_tn_283_hse_1,house,cooling_setpoint,79.6070351239084,mass_temperature,79.6070351239084,air_temperature,79.8631178915101
R4_12_47_1_tn_283_hse_2,house,cooling_setpoint,70.4388635694441,mass_temperature,70.4388635694441,air_temperature,70.194248355231
R4_12_47_1_tn_283_hse_3,house,cooling_setpoint,78.2372813119931,mass_temperature,78.2372813119931,air_temperature,78.4845759396698
R4_12_47_1_tn_284_hse_1,house,cooling_setpoint,70.8289765491331,mass_temperature,70.8289765491331,air_temperature,70.9360611992071
R4_12_47_1_tn_285_hse_1,house,cooling_setpoint,74.9394024659564,mass_temperature,74.9394024659564,air_temperature,74.6198750902203
R4_12_47_1_tn_286_hse_1,house,cooling_setpoint,75.6688190244197,mass_temperature,75.6688190244197,air_temperature,75.8224317725673
R4_12_47_1_tn_287_hse_1,house,cooling_setpoint,71.0294499767111,mass_temperature,71.0294499767111,air_temperature,71.2020014688
R4_12_47_1_tn_288_hse_1,house,cooling_setpoint,75.6628609389497,mass_temperature,75.6628609389497,air_temperature,75.36778891932
R4_12_47_1_tn_289_hse_1,house,cooling_setpoint,72.1452968796182,mass_temperature,72.1452968796182,air_temperature,72.0486515103987
R4_12_47_1_tn_290_hse_1,house,cooling_setpoint,73.2212023126571,mass_temperature,73.2212023126571,air_temperature,73.4488332225466
R4_12_47_1_tn_291_hse_1,house,cooling_setpoint,78.6793336901236,mass_temperature,78.6793336901236,air_temperature,78.7566374102662
R4_12_47_1_tn_293_hse_1,house,cooling_setpoint,70.4556756951089,mass_temperature,70.4556756951089,air_temperature,70.4741660398016
R4_12_47_1_tn_294_hse_1,house,cooling_setpoint,79.7407024841497,mass_temperature,79.7407024841497,air_temperature,79.5880573398464
R4_12_47_1_tn_295_hse_1,house,cooling_setpoint,79.3196194321214,mass_temperature,79.3196194321214,air_temperature,79.1970081698652
R4_12_47_1_tn_296_hse_1,house,cooling_setpoint,71.9178703389394,mass_temperature,71.9178703389394,air_temperature,72.198402176323
R4_12_47_1_tn_296_hse_2,house,cooling_setpoint,71.630665789831,mass_temperature,71.630665789831,air_temperature,71.8554671444502
R4_12_47_1_tn_297_hse_1,house,cooling_setpoint,79.2886348200256,mass_temperature,79.2886348200256,air_temperature,79.5872872695179
R4_12_47_1_tn_298_hse_1,house,cooling_setpoint,77.0786565524868,mass_temperature,77.0786565524868,air_temperature,77.5104598289677
R4_12_47_1_tn_299_hse_1,house,cooling_setpoint,78.33256735815,mass_temperature,78.33256735815,air_temperature,78.5872961680132
R4_12_47_1_tn_302_hse_1,house,cooling_setpoint,77.344917359979,mass_temperature,77.344917359979,air_temperature,77.0335137014589
R4_12_47_1_tn_303_hse_1,house,cooling_setpoint,78.8731872270082,mass_temperature,78.8731872270082,air_temperature,78.7268879759666
R4_12_47_1_tn_304_hse_1,house,cooling_setpoint,77.0943275323203,mass_temperature,77.0943275323203,air_temperature,77.1672254003345
R4_12_47_1_tn_305_hse_1,house,cooling_setpoint,71.8516735022248,mass_temperature,71.8516735022248,air_temperature,71.459529610515
R4_12_47_1_tn_305_hse_2,house,cooling_setpoint,79.3576503034782,mass_temperature,79.3576503034782,air_temperature,79.577451568353
R4_12_47_1_tn_305_hse_3,house,cooling_setpoint,75.6635383751681,mass_temperature,75.6635383751681,air_temperature,75.2995946375884
R4_12_47_1_tn_306_hse_1,house,cooling_setpoint,72.9950107171521,mass_temperature,72.9950107171521,air_temperature,72.7562009386001
R4_12_47_1_tn_306_hse_2,house,cooling_setpoint,75.3826364154915,mass_temperature,75.3826364154915,air_temperature,75.2039524435769
R4_12_47_1_tn_306_hse_3,house,cooling_setpoint,75.7861127266637,mass_temperature,75.7861127266637,air_temperature,75.5326201185394
R4_12_47_1_tn_306_hse_4,house,cooling_setpoint,77.2174046237537,mass_temperature,77.2174046237537,air_temperature,76.9896801893624
R4_12_47_1_tn_307_hse_1,house,cooling_setpoint,74.0685226344578,mass_temperature,74.0685226344578,air_temperature,74.2449225738887
R4_12_47_1_tn_307_hse_2,house,cooling_setpoint,77.8569063475296,mass_temperature,77.8569063475296,air_temperature,78.3430366968577
R4_12_47_1_tn_307_hse_3,house,cooling_setpoint,71.2623988716331,mass_temperature,71.2623988716331,air_temperature,71.4163683243887
R4_12_47_1_tn_310_hse_1,house,cooling_setpoint,73.7961811109915,mass_temperature,73.7961811109915,air_temperature,73.6342133581822
R4_12_47_1_tn_311_hse_1,house,cooling_setpoint,73.2030682562517,mass_temperature,73.2030682562517,air_temperature,72.9541416479445
R4_12_47_1_tn_313_hse_1,house,cooling_setpoint,74.1982576835712,mass_temperature,74.1982576835712,air_temperature,74.6493432849666
R4_12_47_1_tn_313_hse_2,house,cooling_setpoint,79.5966826056455,mass_temperature,79.5966826056455,air_temperature,79.6792385784817
R4_12_47_1_tn_314_hse_1,house,cooling_setpoint,72.6551820406854,mass_temperature,72.6551820406854,air_temperature,72.599840326429
R4_12_47_1_tn_316_hse_1,house,cooling_setpoint,77.601460017489,mass_temperature,77.601460017489,air_temperature,77.9706699729701
R4_12_47_1_tn_319_hse_1,house,cooling_setpoint,76.1850397220026,mass_temperature,76.1850397220026,air_temperature,76.4902999265014
R4_12_47_1_tn_320_hse_1,house,cooling_setpoint,76.0312469647733,mass_temperature,76.0312469647733,air_temperature,75.8614110573337
R4_12_47_1_tn_324_hse_1,house,cooling_setpoint,77.742267077734,mass_temperature,77.742267077734,air_temperature,78.1633719159709
R4_12_47_1_tn_326_hse_1,house,cooling_setpoint,76.712087808242,mass_temperature,76.712087808242,air_temperature,76.7958894211405
R4_12_47_1_tn_327_hse_1,house,cooling_setpoint,79.6103347004754,mass_temperature,79.6103347004754,air_temperature,79.5143086617509
R4_12_47_1_tn_329_hse_1,house,cooling_setpoint,78.5585887788553,mass_temperature,78.5585887788553,air_temperature,78.298923491439
R4_12_47_1_tn_331_hse_1,house,cooling_setpoint,71.9629982585632,mass_temperature,71.9629982585632,air_temperature,71.7765463756225
R4_12_47_1_tn_332_hse_1,house,cooling_setpoint,74.9116059817135,mass_temperature,74.9116059817135,air_temperature,74.6405345369627
R4_12_47_1_tn_333_hse_1,house,cooling_setpoint,74.1478672270348,mass_temperature,74.1478672270348,air_temperature,74.0818289240742
R4_12_47_1_tn_336_hse_1,house,cooling_setpoint,71.3057817422475,mass_temperature,71.3057817422475,air_temperature,71.4918796936593
R4_12_47_1_tn_337_hse_1,house,cooling_setpoint,77.4386934741629,mass_temperature,77.4386934741629,air_temperature,77.090328218626
R4_12_47_1_tn_342_hse_1,house,cooling_setpoint,74.1146095058941,mass_temperature,74.1146095058941,air_temperature,73.667922936217
R4_12_47_1_tn_343_hse_1,house,cooling_setpoint,77.3915217959934,mass_temperature,77.3915217959934,air_temperature,77.3785276895858
R4_12_47_1_tn_346_hse_1,house,cooling_setpoint,77.7932613800182,mass_temperature,77.7932613800182,air_temperature,78.1293440994368
R4_12_47_1_tn_348_hse_1,house,cooling_setpoint,78.7353905519231,mass_temperature,78.7353905519231,air_temperature,78.881864093942
R4_12_47_1_tn_350_hse_1,house,cooling_setpoint,74.1803468834272,mass_temperature,74.1803468834272,air_temperature,74.5302067387299
R4_12_47_1_tn_352_hse_1,house,cooling_setpoint,71.6278237606054,mass_temperature,71.6278237606054,air_temperature,71.2878457218627
R4_12_47_1_tn_354_hse_1,house,cooling_setpoint,72.4366104056019,mass_temperature,72.4366104056019,air_temperature,72.3186310305593
R4_12_47_1_tn_357_hse_1,house,cooling_setpoint,72.0164426454616,mass_temperature,72.0164426454616,air_temperature,72.338626830526
R4_12_47_1_tn_359_hse_1,house,cooling_setpoint,73.4262533331514,mass_temperature,73.4262533331514,air_temperature,73.725424076619
R4_12_47_1_tn_363_hse_1,house,cooling_setpoint,76.6551781700444,mass_temperature,76.6551781700444,air_temperature,76.587873403347
R4_12_47_1_tn_363_hse_2,house,cooling_setpoint,79.9400299568403,mass_temperature,79.9400299568403,air_temperature,80.1368684358467
R4_12_47_1_tn_366_hse_1,house,cooling_setpoint,79.3201292948242,mass_temperature,79.3201292948242,air_temperature,78.8878679254942
R4_12_47_1_tn_368_hse_1,house,cooling_setpoint,70.8656992176792,mass_temperature,70.8656992176792,air_temperature,70.5812514393691
R4_12_47_1_tn_368_hse_2,house,cooling_setpoint,71.5407718727723,mass_temperature,71.5407718727723,air_temperature,71.966257525591
R4_12_47_1_tn_369_hse_1,house,cooling_setpoint,77.8414443005088,mass_temperature,77.8414443005088,air_temperature,77.6493900825592
R4_12_47_1_tn_370_hse_1,house,cooling_setpoint,71.4274073017893,mass_temperature,71.4274073017893,air_temperature,70.9464825246725
R4_12_47_1_tn_371_hse_1,house,cooling_setpoint,71.6413680858925,mass_temperature,71.6413680858925,air_temperature,71.907802513178
R4_12_47_1_tn_372_hse_1,house,cooling_setpoint,70.1026684929222,mass_temperature,70.1026684929222,air_temperature,69.8300137884722
R4_12_47_1_tn_373_hse_1,house,cooling_setpoint,71.5187153478054,mass_temperature,71.5187153478054,air_temperature,71.9843469573729
R4_12_47_1_tn_375_hse_1,house,cooling_setpoint,76.6119868162515,mass_temperature,76.6119868162515,air_temperature,76.6547332257544
R4_12_47_1_tn_377_hse_1,house,cooling_setpoint,77.0886812883866,mass_temperature,77.0886812883866,air_temperature,76.7733208097987
R4_12_47_1_tn_380_hse_1,house,cooling_setpoint,75.7610370744268,mass_temperature,75.7610370744268,air_temperature,75.4464662486285
R4_12_47_1_tn_384_hse_1,house,cooling_setpoint,77.9540530652595,mass_temperature,77.9540530652595,air_temperature,77.6806553957964
R4_12_47_1_tn_387_hse_1,house,cooling_setpoint,78.4592768504786,mass_temperature,78.4592768504786,air_temperature,78.3997268714438
R4_12_47_1_tn_387_hse_2,house,cooling_setpoint,72.5555366007282,mass_temperature,72.5555366007282,air_temperature,72.6848426245924
R4_12_47_1_tn_389_hse_1,house,cooling_setpoint,76.2033462393633,mass_temperature,76.2033462393633,air_temperature,76.4790258625987
R4_12_47_1_tn_390_hse_1,house,cooling_setpoint,71.3415397751449,mass_temperature,71.3415397751449,air_temperature,71.0763208820888
R4_12_47_1_tn_390_hse_2,house,cooling_setpoint,76.3292483296551,mass_temperature,76.3292483296551,air_temperature,76.7870553668428
R4_12_47_1_tn_390_hse_3,house,cooling_setpoint,73.5413265855949,mass_temperature,73.5413265855949,air_temperature,73.9380495800292
R4_12_47_1_tn_391_hse_1,house,cooling_setpoint,73.353074873394,mass_temperature,73.353074873394,air_temperature,73.424025026305
R4_12_47_1_tn_392_hse_1,house,cooling_setpoint,70.6229140323834,mass_temperature,70.6229140323834,air_temperature,71.0577760398928
R4_12_47_1_tn_393_hse_1,house,cooling_setpoint,77.6638889421271,mass_temperature,77.6638889421271,air_temperature,77.3282306565236
R4_12_47_1_tn_394_hse_1,house,cooling_setpoint,78.1604113973044,mass_temperature,78.1604113973044,air_temperature,78.1084646008717
R4_12_47_1_tn_396_hse_1,house,cooling_setpoint,71.0004603002026,mass_temperature,71.0004603002026,air_temperature,70.9361197698859
R4_12_47_1_tn_397_hse_1,house,cooling_setpoint,71.0043266143242,mass_temperature,71.0043266143242,air_temperature,70.8389316921151
R4_12_47_1_tn_398_hse_1,house,cooling_setpoint,70.3593760322457,mass_temperature,70.3593760322457,air_temperature,70.2290648980466
R4_12_47_1_tn_398_hse_2,house,cooling_setpoint,70.9655251297467,mass_temperature,70.9655251297467,air_temperature,71.2884396181851
R4_12_47_1_tn_399_hse_1,house,cooling_setpoint,79.5454536519981,mass_temperature,79.5454536519981,air_temperature,79.9603057074003
R4_12_47_1_tn_399_hse_2,house,cooling_setpoint,77.3146601031005,mass_temperature,77.3146601031005,air_temperature,77.8055438359221
R4_12_47_1_tn_400_hse_1,house,cooling_setpoint,79.1334121981583,mass_temperature,79.1334121981583,air_temperature,79.5145634055826
R4_12_47_1_tn_400_hse_2,house,cooling_setpoint,70.7578781963761,mass_temperature,70.7578781963761,air_temperature,70.3031296952846
R4_12_47_1_tn_401_hse_1,house,cooling_setpoint,75.048265532112,mass_temperature,75.048265532112,air_temperature,74.6935813892692
R4_12_47_1_tn_401_hse_2,house,cooling_setpoint,79.769415053897,mass_temperature,79.769415053897,air_temperature,79.9728083597974
R4_12_47_1_tn_402_hse_1,house,cooling_setpoint,72.8602241297258,mass_temperature,72.8602241297258,air_temperature,73.0069734291998
R4_12_47_1_tn_402_hse_2,house,cooling_setpoint,72.1613172311631,mass_temperature,72.1613172311631,air_temperature,72.1361613902008
R4_12_47_1_tn_403_hse_1,house,cooling_setpoint,78.7531153629393,mass_temperature,78.7531153629393,air_temperature,79.2384250119135
R4_12_47_1_tn_404_hse_1,house,cooling_setpoint,70.375788712862,mass_temperature,70.375788712862,air_temperature,70.4695419400943
R4_12_47_1_tn_405_hse_1,house,cooling_setpoint,70.6294678966546,mass_temperature,70.6294678966546,air_temperature,70.7578046498916
R4_12_47_1_tn_406_hse_1,house,cooling_setpoint,77.4639776202694,mass_temperature,77.4639776202694,air_temperature,77.3457749348779
R4_12_47_1_tn_406_hse_2,house,cooling_setpoint,71.6040105298088,mass_temperature,71.6040105298088,air_temperature,71.7449753711589
R4_12_47_1_tn_407_hse_1,house,cooling_setpoint,79.4875896002261,mass_temperature,79.4875896002261,air_temperature,79.5633088041495
R4_12_47_1_tn_407_hse_2,house,cooling_setpoint,79.5696964694662,mass_temperature,79.5696964694662,air_temperature,79.8833800385708
R4_12_47_1_tn_408_hse_1,house,cooling_setpoint,74.3075707346923,mass_temperature,74.3075707346923,air_temperature,74.6304573681576
R4_12_47_1_tn_408_hse_2,house,cooling_setpoint,71.2302337825061,mass_temperature,71.2302337825061,air_temperature,70.756585403865
R4_12_47_1_tn_408_hse_3,house,cooling_setpoint,78.6715020009398,mass_temperature,78.6715020009398,air_temperature,79.1037898373136
R4_12_47_1_tn_409_hse_1,house,cooling_setpoint,75.3857207477719,mass_temperature,75.3857207477719,air_temperature,74.9281344936969
R4_12_47_1_tn_409_hse_2,house,cooling_setpoint,78.326105339982,mass_temperature,78.326105339982,air_temperature,77.8483293608075
R4_12_47_1_tn_409_hse_3,house,cooling_setpoint,73.6529285096586,mass_temperature,73.6529285096586,air_temperature,73.6218899336349
R4_12_47_1_tn_413_hse_1,house,cooling_setpoint,78.6230806396151,mass_temperature,78.6230806396151,air_temperature,78.857722974497
R4_12_47_1_tn_413_hse_2,house,cooling_setpoint,77.9970196480086,mass_temperature,77.9970196480086,air_temperature,77.8871694394374
R4_12_47_1_tn_413_hse_3,house,cooling_setpoint,70.9392011033351,mass_temperature,70.9392011033351,air_temperature,70.758535297725
R4_12_47_1_tn_414_hse_1,house,cooling_setpoint,77.5858564269677,mass_temperature,77.5858564269677,air_temperature,77.1244865300593
R4_12_47_1_tn_414_hse_2,house,cooling_setpoint,74.028946890224,mass_temperature,74.028946890224,air_temperature,74.3541595580197
R4_12_47_1_tn_414_hse_3,house,cooling_setpoint,70.8742559284226,mass_temperature,70.8742559284226,air_temperature,71.3058554016289
R4_12_47_1_tn_415_hse_1,house,cooling_setpoint,71.9824877333002,mass_temperature,71.9824877333002,air_temperature,72.199452913334
R4_12_47_1_tn_415_hse_2,house,cooling_setpoint,73.1911174514089,mass_temperature,73.1911174514089,air_temperature,72.9775076549319
R4_12_47_1_tn_415_hse_3,house,cooling_setpoint,75.8680989898296,mass_temperature,75.8680989898296,air_temperature,75.5294293114014
R4_12_47_1_tn_416_hse_1,house,cooling_setpoint,71.537555305552,mass_temperature,71.537555305552,air_temperature,71.3784263838565
R4_12_47_1_tn_417_hse_1,house,cooling_setpoint,73.8256836522838,mass_temperature,73.8256836522838,air_temperature,74.054027236752
R4_12_47_1_tn_418_hse_1,house,cooling_setpoint,74.9990130224026,mass_temperature,74.9990130224026,air_temperature,75.1216235766711
R4_12_47_1_tn_418_hse_2,house,cooling_setpoint,74.7763320973222,mass_temperature,74.7763320973222,air_temperature,74.8449112567615
R4_12_47_1_tn_418_hse_3,house,cooling_setpoint,76.0634630492556,mass_temperature,76.0634630492556,air_temperature,76.1265538498255
R4_12_47_1_tn_419_hse_1,house,cooling_setpoint,76.1889237707092,mass_temperature,76.1889237707092,air_temperature,76.2092671693261
R4_12_47_1_tn_419_hse_2,house,cooling_setpoint,77.9414531979202,mass_temperature,77.9414531979202,air_temperature,77.8902044734648
R4_12_47_1_tn_419_hse_3,house,cooling_setpoint,78.9695963868673,mass_temperature,78.9695963868673,air_temperature,78.9412734121448
R4_12_47_1_tn_420_hse_1,house,cooling_setpoint,76.5594172297314,mass_temperature,76.5594172297314,air_temperature,76.0608128107119
R4_12_47_1_tn_420_hse_2,house,cooling_setpoint,77.0554196601515,mass_temperature,77.0554196601515,air_temperature,77.3515193650693
R4_12_47_1_tn_420_hse_3,house,cooling_setpoint,72.5569502856933,mass_temperature,72.5569502856933,air_temperature,72.8994079036095
R4_12_47_1_tn_421_hse_1,house,cooling_setpoint,74.0951694910636,mass_temperature,74.0951694910636,air_temperature,74.1399225442262
R4_12_47_1_tn_421_hse_2,house,cooling_setpoint,72.1833108311442,mass_temperature,72.1833108311442,air_temperature,71.9980938593942
R4_12_47_1_tn_421_hse_3,house,cooling_setpoint,77.7412274101476,mass_temperature,77.7412274101476,air_temperature,77.5559026688918
R4_12_47_1_tn_424_hse_1,house,cooling_setpoint,73.4104153608361,mass_temperature,73.4104153608361,air_temperature,73.9018246908884
R4_12_47_1_tn_426_hse_1,house,cooling_setpoint,76.9765530554216,mass_temperature,76.9765530554216,air_temperature,76.7254131994632
R4_12_47_1_tn_427_hse_1,house,cooling_setpoint,74.2341885278671,mass_temperature,74.2341885278671,air_temperature,74.3367473652035
R4_12_47_1_tn_427_hse_2,house,cooling_setpoint,76.5049932909616,mass_temperature,76.5049932909616,air_temperature,76.4728063818273
R4_12_47_1_tn_427_hse_3,house,cooling_setpoint,71.1463482690947,mass_temperature,71.1463482690947,air_temperature,70.6553389440222
R4_12_47_1_tn_428_hse_1,house,cooling_setpoint,70.5912263646009,mass_temperature,70.5912263646009,air_temperature,70.6113362238236
R4_12_47_1_tn_428_hse_2,house,cooling_setpoint,77.3752308284695,mass_temperature,77.3752308284695,air_temperature,77.8628230401413
R4_12_47_1_tn_428_hse_3,house,cooling_setpoint,75.361251327228,mass_temperature,75.361251327228,air_temperature,75.5123654713046
R4_12_47_1_tn_429_hse_1,house,cooling_setpoint,71.9631751608682,mass_temperature,71.9631751608682,air_temperature,71.6292514759682
R4_12_47_1_tn_429_hse_2,house,cooling_setpoint,71.950838434404,mass_temperature,71.950838434404,air_temperature,71.5249941936938
R4_12_47_1_tn_429_hse_3,house,cooling_setpoint,75.6430382118121,mass_temperature,75.6430382118121,air_temperature,75.6915312899299
R4_12_47_1_tn_430_hse_1,house,cooling_setpoint,72.6407705736264,mass_temperature,72.6407705736264,air_temperature,72.7988485338435
R4_12_47_1_tn_431_hse_1,house,cooling_setpoint,73.4493510202564,mass_temperature,73.4493510202564,air_temperature,73.5648134926294
R4_12_47_1_tn_432_hse_1,house,cooling_setpoint,75.8238620754358,mass_temperature,75.8238620754358,air_temperature,75.844205769236
R4_12_47_1_tn_437_hse_1,house,cooling_setpoint,73.8401160916583,mass_temperature,73.8401160916583,air_temperature,73.775751685036
R4_12_47_1_tn_437_hse_2,house,cooling_setpoint,77.7454747821879,mass_temperature,77.7454747821879,air_temperature,77.9879756859809
R4_12_47_1_tn_437_hse_3,house,cooling_setpoint,72.5551704930533,mass_temperature,72.5551704930533,air_temperature,72.1533608722049
R4_12_47_1_tn_438_hse_1,house,cooling_setpoint,74.8627920676362,mass_temperature,74.8627920676362,air_temperature,74.62581930293
R4_12_47_1_tn_438_hse_2,house,cooling_setpoint,79.1978265344872,mass_temperature,79.1978265344872,air_temperature,79.214055364373
R4_12_47_1_tn_438_hse_3,house,cooling_setpoint,79.2312283023556,mass_temperature,79.2312283023556,air_temperature,79.6108534840968
R4_12_47_1_tn_438_hse_4,house,cooling_setpoint,70.7626340633312,mass_temperature,70.7626340633312,air_temperature,70.4387484760763
R4_12_47_1_tn_439_hse_1,house,cooling_setpoint,73.8838121733831,mass_temperature,73.8838121733831,air_temperature,74.0381726403258
R4_12_47_1_tn_439_hse_2,house,cooling_setpoint,71.7722679803314,mass_temperature,71.7722679803314,air_temperature,71.6594269958693
R4_12_47_1_tn_439_hse_3,house,cooling_setpoint,76.129261014801,mass_temperature,76.129261014801,air_temperature,76.1712062449961
R4_12_47_1_tn_439_hse_4,house,cooling_setpoint,78.0810151704669,mass_temperature,78.0810151704669,air_temperature,78.2063843968044
R4_12_47_1_tn_440_hse_1,house,cooling_setpoint,72.7108738773085,mass_temperature,72.7108738773085,air_temperature,72.8010127813468
R4_12_47_1_tn_440_hse_2,house,cooling_setpoint,75.2853162277171,mass_temperature,75.2853162277171,air_temperature,75.3961700272101
R4_12_47_1_tn_440_hse_3,house,cooling_setpoint,74.6581498028704,mass_temperature,74.6581498028704,air_temperature,74.3574814456605
R4_12_47_1_tn_441_hse_1,house,cooling_setpoint,70.9378274249517,mass_temperature,70.9378274249517,air_temperature,70.5228374337085
R4_12_47_1_tn_441_hse_2,house,cooling_setpoint,71.4703822412672,mass_temperature,71.4703822412672,air_temperature,71.8674985637973
R4_12_47_1_tn_441_hse_3,house,cooling_setpoint,77.3506337597134,mass_temperature,77.3506337597134,air_temperature,76.9618672503944
R4_12_47_1_tn_442_hse_1,house,cooling_setpoint,74.7122296121401,mass_temperature,74.7122296121401,air_temperature,74.215642630102
R4_12_47_1_tn_442_hse_2,house,cooling_setpoint,74.5903157003746,mass_temperature,74.5903157003746,air_temperature,74.8701947175591
R4_12_47_1_tn_442_hse_3,house,cooling_setpoint,71.7507846983224,mass_temperature,71.7507846983224,air_temperature,71.2765753522104
R4_12_47_1_tn_443_hse_1,house,cooling_setpoint,77.2850579510073,mass_temperature,77.2850579510073,air_temperature,77.3770889131567
R4_12_47_1_tn_443_hse_2,house,cooling_setpoint,78.2465273933088,mass_temperature,78.2465273933088,air_temperature,78.2779383268712
R4_12_47_1_tn_444_hse_1,house,cooling_setpoint,73.4305085307988,mass_temperature,73.4305085307988,air_temperature,73.5200041800693
R4_12_47_1_tn_444_hse_2,house,cooling_setpoint,74.4218866963721,mass_temperature,74.4218866963721,air_temperature,74.757599900535
R4_12_47_1_tn_445_hse_1,house,cooling_setpoint,77.1477428368867,mass_temperature,77.1477428368867,air_temperature,77.1659328402001
R4_12_47_1_tn_445_hse_2,house,cooling_setpoint,76.7949624813236,mass_temperature,76.7949624813236,air_temperature,76.359181995622
R4_12_47_1_tn_446_hse_1,house,cooling_setpoint,74.3004618700074,mass_temperature,74.3004618700074,air_temperature,74.3031308850685
R4_12_47_1_tn_446_hse_2,house,cooling_setpoint,72.7620277809985,mass_temperature,72.7620277809985,air_temperature,72.8307929520832
R4_12_47_1_tn_447_hse_1,house,cooling_setpoint,70.4422898213997,mass_temperature,70.4422898213997,air_temperature,70.2322424896635
R4_12_47_1_tn_447_hse_2,house,cooling_setpoint,71.0922203584617,mass_temperature,71.0922203584617,air_temperature,70.7132330401683
R4_12_47_1_tn_448_hse_1,house,cooling_setpoint,72.4166938561262,mass_temperature,72.4166938561262,air_temperature,72.0530701565838
R4_12_47_1_tn_448_hse_2,house,cooling_setpoint,72.0605779703257,mass_temperature,72.0605779703257,air_temperature,72.0004287338777
R4_12_47_1_tn_449_hse_1,house,cooling_setpoint,76.5547033373065,mass_temperature,76.5547033373065,air_temperature,76.9820715802714
R4_12_47_1_tn_449_hse_2,house,cooling_setpoint,73.3152283455778,mass_temperature,73.3152283455778,air_temperature,72.8509737008746
R4_12_47_1_tn_449_hse_3,house,cooling_setpoint,76.2193306971979,mass_temperature,76.2193306971979,air_temperature,76.3880805528644
R4_12_47_1_tn_449_hse_4,house,cooling_setpoint,75.3406848406839,mass_temperature,75.3406848406839,air_temperature,74.903068176974
R4_12_47_1_tn_449_hse_5,house,cooling_setpoint,79.9400952230391,mass_temperature,79.9400952230391,air_temperature,79.8681410994375
R4_12_47_1_tn_452_hse_1,house,cooling_setpoint,77.0245454842568,mass_temperature,77.0245454842568,air_temperature,77.3465370845204
R4_12_47_1_tn_453_hse_1,house,cooling_setpoint,79.2997097711179,mass_temperature,79.2997097711179,air_temperature,79.24960420994
R4_12_47_1_tn_455_hse_1,house,cooling_setpoint,76.2048114198298,mass_temperature,76.2048114198298,air_temperature,75.9833486248956
R4_12_47_1_tn_459_hse_1,house,cooling_setpoint,72.2716282977763,mass_temperature,72.2716282977763,air_temperature,72.3424525406942
R4_12_47_1_tn_460_hse_1,house,cooling_setpoint,74.1209889088469,mass_temperature,74.1209889088469,air_temperature,73.6312333906072
R4_12_47_1_tn_461_hse_1,house,cooling_setpoint,72.0822169290632,mass_temperature,72.0822169290632,air_temperature,72.231734681309
R4_12_47_1_tn_462_hse_1,house,cooling_setpoint,73.1466754605095,mass_temperature,73.1466754605095,air_temperature,73.6133144535201
R4_12_47_1_tn_463_hse_1,house,cooling_setpoint,77.0964153002183,mass_temperature,77.0964153002183,air_temperature,77.0932042892573
R4_12_47_1_tn_464_hse_1,house,cooling_setpoint,77.9774107245807,mass_temperature,77.9774107245807,air_temperature,78.421862232208
R4_12_47_1_tn_465_hse_1,house,cooling_setpoint,70.6703801103421,mass_temperature,70.6703801103421,air_temperature,70.5259916385485
R4_12_47_1_tn_465_hse_2,house,cooling_setpoint,77.8224552776855,mass_temperature,77.8224552776855,air_temperature,77.4469521532931
R4_12_47_1_tn_465_hse_3,house,cooling_setpoint,77.9943266851311,mass_temperature,77.9943266851311,air_temperature,77.9795326704269
R4_12_47_1_tn_466_hse_1,house,cooling_setpoint,74.6831717058138,mass_temperature,74.6831717058138,air_temperature,75.1241037666293
R4_12_47_1_tn_466_hse_2,house,cooling_setpoint,79.0320555208316,mass_temperature,79.0320555208316,air_temperature,78.9062676147918
R4_12_47_1_tn_466_hse_3,house,cooling_setpoint,77.321890778141,mass_temperature,77.321890778141,air_temperature,77.2369727434066
R4_12_47_1_tn_467_hse_1,house,cooling_setpoint,71.4906524790455,mass_temperature,71.4906524790455,air_temperature,71.8789549989007
R4_12_47_1_tn_468_hse_1,house,cooling_setpoint,76.8034172074775,mass_temperature,76.8034172074775,air_temperature,77.2588321088641
R4_12_47_1_tn_468_hse_2,house,cooling_setpoint,79.4946870010784,mass_temperature,79.4946870010784,air_temperature,79.5580913689042
R4_12_47_1_tn_468_hse_3,house,cooling_setpoint,72.326534884087,mass_temperature,72.326534884087,air_temperature,72.5791596297294
R4_12_47_1_tn_469_hse_1,house,cooling_setpoint,70.6921475432632,mass_temperature,70.6921475432632,air_temperature,71.1360495886066
R4_12_47_1_tn_471_hse_1,house,cooling_setpoint,75.289309735822,mass_temperature,75.289309735822,air_temperature,75.4103787764769
R4_12_47_1_tn_472_hse_1,house,cooling_setpoint,79.1595578659867,mass_temperature,79.1595578659867,air_temperature,78.9275887390255
R4_12_47_1_tn_473_hse_1,house,cooling_setpoint,75.2803730052972,mass_temperature,75.2803730052972,air_temperature,75.5836429111906
R4_12_47_1_tn_473_hse_2,house,cooling_setpoint,76.9595782693065,mass_temperature,76.9595782693065,air_temperature,77.3494172354268
R4_12_47_1_tn_474_hse_1,house,cooling_setpoint,76.5373976938351,mass_temperature,76.5373976938351,air_temperature,76.7155399642116
R4_12_47_1_tn_474_hse_2,house,cooling_setpoint,71.3947474329796,mass_temperature,71.3947474329796,air_temperature,71.0187427874399
R4_12_47_1_tn_475_hse_1,house,cooling_setpoint,77.623279349521,mass_temperature,77.623279349521,air_temperature,77.1931701104662
R4_12_47_1_tn_476_hse_1,house,cooling_setpoint,72.7333871689868,mass_temperature,72.7333871689868,air_temperature,72.6362622090963
R4_12_47_1_tn_476_hse_2,house,cooling_setpoint,76.625684333809,mass_temperature,76.625684333809,air_temperature,76.9308971112932
R4_12_47_1_tn_476_hse_3,house,cooling_setpoint,76.1099102098323,mass_temperature,76.1099102098323,air_temperature,76.0726365638193
